ArgName,ArgBasicWeight,FinalWeight
A1319,0.87,0.4908580503638483
A1318,0.57,0.4989662075991626
A1317,0.1,0.4925711768988546
A1312,0.46,0.4913779246192836
A1796,0.92,0.4998443718008953
A1311,0.3,0.4991815277103308
A1795,0.75,0.5053722316140001
A1310,0.08,0.4959186956369075
A1794,0.29,0.5260171251434054
A1793,0.85,0.5066635604859758
A1316,0.35,0.4972497136694148
A1315,0.85,0.4988276197686437
A1799,0.11,0.3920603106953251
A1314,0.1,0.4936926425610808
A1798,0.26,0.5062208361800125
A1313,0.79,0.4995118015733098
A1797,0.02,0.4923228041624822
A1309,0.67,0.5009008860717153
A1308,0.86,0.5037941169145925
A1307,0.81,0.5057223368678241
A1306,0.15,0.5011445079479334
A1301,0.55,0.4966905373930791
A1785,0.61,0.5081027513987545
A1300,0.38,0.4153817953161718
A1784,0.9,0.5305973372387978
A1783,0.89,0.4948155190000987
A1782,0.0,0.966863896507163
A1305,0.68,0.499777305088751
A1789,0.88,0.4926042981112731
A1304,0.07,0.4851359874614767
A1788,0.32,0.5309796046391712
A1303,0.25,0.5000332020881698
A1787,0.04,0.5008006914874487
A1302,0.85,0.4905884476863683
A1786,0.91,0.5074539137067586
A1792,0.31,0.5079820803109681
A1791,0.33,0.4980180423299143
A1790,0.01,0.4963724245609667
A1339,0.58,0.4990253080812992
A1334,0.21,0.5006941010099001
A1333,0.69,0.4977744997623598
A1332,0.13,0.504563621296606
A1331,0.61,0.4761086573944738
A1338,0.31,0.4999977777218612
A1337,0.36,0.4992577409708595
A1336,0.88,0.5072209740913849
A1335,0.99,0.4999874247368486
A1341,0.79,0.5050401264007052
A1340,0.48,0.4982962131535274
A1329,0.49,0.4952053606532891
A1328,0.27,0.4946568355490551
A1323,0.25,0.4979458940729928
A1322,0.8,0.47576561963982
A1321,0.74,0.498068860623278
A1320,0.12,0.4726726543622522
A1327,0.66,0.5186360591249226
A1326,0.58,0.5016150500087848
A1325,0.33,0.4588133463589849
A1324,0.09,0.4967908698260144
A1330,0.08,0.4902531590106034
A1759,0.48,0.5064130603908155
A1758,0.37,0.4795644414546894
A1757,0.16,0.5002860115110238
A1752,0.74,0.5047226302733835
A1751,0.3,0.5013813478423461
A1750,0.19,0.4968777015983189
A1756,0.05,0.4864244887327227
A1755,0.84,0.5006578760506292
A1754,0.09,0.4840384201167524
A1753,0.03,0.485502866816688
A709,0.2,0.4999881012548222
A1749,0.71,0.5282380477480741
A1748,0.53,0.5021294606839963
A707,0.55,0.5045619157810127
A1747,0.82,0.5010664857613671
A708,0.41,0.5251096162888507
A1746,0.27,0.5045616981352782
A705,0.3,0.5012955390286095
A706,0.87,0.5515986814745839
A703,0.24,0.4984007660208829
A704,0.35,0.4955268565827194
A701,0.35,0.4976280045714716
A1741,0.98,0.5085345369282788
A702,0.45,0.4970165709182488
A1740,0.55,0.4878735688071333
A700,0.1,0.4976983628412076
A1745,0.78,0.4450505499052199
A1744,0.77,0.5013932625865724
A1743,0.25,0.5028471769732085
A1742,0.91,0.503199349056025
A718,0.4,0.4955900420134688
A719,0.36,0.4955415449356083
A1779,0.34,0.5041683765780985
A716,0.06,0.5002366179342097
A717,0.39,0.5025582021808369
A714,0.96,0.5076760455358872
A715,0.81,0.5016540200835162
A712,0.53,0.5166816466387449
A1774,0.31,0.4530922109619245
A713,0.34,0.4614950222088433
A1773,0.64,0.4999931067000276
A710,0.59,0.4999811328477498
A1772,0.52,0.4938354905299402
A711,0.45,0.4963999977810071
A1771,0.46,0.5268449562624459
A1778,0.73,0.5014186100248661
A1777,0.15,0.4500318203529836
A1776,0.2,0.4685088280027242
A1775,0.43,0.4978340631780059
A1781,1.0,0.5023264005564483
A1780,0.45,0.5002523896885367
A729,0.11,0.4738786246300835
A1769,0.11,0.4931354383226529
A1768,0.08,0.4712115745273448
A727,0.77,0.5184750187752866
A728,0.87,0.5033025217031233
A725,0.73,0.4984723502043278
A726,0.47,0.5209692981025136
A723,0.02,0.4849664020939834
A1763,0.21,0.500797052077578
A724,0.17,0.5013299180579558
A1762,0.19,0.4521901864118943
A721,0.54,0.5071751346580744
A1761,0.28,0.4086842158267321
A722,0.92,0.4987674939654519
A1760,0.64,0.4995380327283594
A1767,0.92,0.5071796191427907
A720,0.9,0.5018570493980672
A1766,0.37,0.4899148395816687
A1765,0.79,0.5476769914933113
A1764,0.76,0.5065852295182053
A1770,0.38,0.4986349914981606
A1716,0.87,0.5026221223228267
A1715,0.91,0.5034817367848573
A1714,0.99,0.5315423307031647
A1713,0.84,0.498255267346691
A738,0.77,0.5052530376480683
A739,0.42,0.4879603772433321
A1719,0.4,0.5199644498413128
A736,0.63,0.5097022641739549
A1718,0.21,0.4985801144609466
A737,0.25,0.4900737193089495
A1717,0.13,0.472793167216707
A734,0.47,0.5002318543469211
A735,0.27,0.514197419527204
A732,0.72,0.4979616637763727
A733,0.94,0.5288289202070539
A730,0.58,0.4921496321809368
A1712,0.95,0.4940777808273574
A731,0.45,0.5505364892661715
A1711,0.05,0.4417725204055664
A1710,0.73,0.499636016322138
A1705,0.78,0.5017293852561869
A1704,0.83,0.525172464872056
A1703,0.26,0.4927424069110192
A1702,0.5,0.4927745423132711
A749,0.65,0.5074525752752378
A1709,0.92,0.4998956376920078
A1708,0.4,0.460853178916827
A747,0.74,0.5228523426930154
A1707,0.87,0.4999831071209786
A748,0.1,0.5016171290105882
A1706,0.14,0.3931898493517907
A745,0.56,0.5035598483623027
A746,0.04,0.4723488837318365
A743,0.46,0.5118803304679622
A744,0.21,0.4778497265386355
A741,0.92,0.5086415694540422
A1701,0.22,0.4893803160033402
A742,0.51,0.5000000930880222
A1700,0.38,0.4977947874508026
A740,0.64,0.4975054001070693
A1738,0.19,0.4969287310526468
A1737,0.35,0.5007701590185085
A1736,0.7,0.4978118092840924
A1735,0.85,0.5016626194025399
A758,0.15,0.48942058374107
A759,0.55,0.5077981227327736
A1739,0.97,0.5018206100322394
A756,0.36,0.4880621293746699
A1730,0.73,0.5003554311952402
A757,0.03,0.4991354553460509
A754,0.04,0.4983105009645511
A755,0.46,0.5145322938924801
A752,0.42,0.4831658913669636
A1734,0.19,0.4896868922121817
A753,0.07,0.4694182412100854
A1733,0.86,0.4999824918412913
A750,0.38,0.4981669586831131
A1732,0.6,0.5192510651910359
A751,0.97,0.5017826775346698
A1731,0.26,0.4546135754057691
A1727,0.68,0.5186843707718455
A1726,0.12,0.4868113253345085
A1725,0.61,0.4946360057453595
A1724,0.07,0.5002761532264137
A769,0.67,0.5057833643448129
A1729,0.59,0.5029771796343313
A1728,0.64,0.5088349886112745
A767,0.17,0.4277873666244765
A768,0.05,0.4928067965229515
A765,0.16,0.5047514314060069
A766,0.93,0.5256377488565089
A763,0.48,0.4865815859540482
A1723,0.12,0.503640698353316
A764,0.42,0.4954838242546689
A1722,0.84,0.5008242617786249
A761,0.77,0.5000549128902085
A1721,0.51,0.5002437931968455
A762,0.83,0.5000000000318052
A1720,0.24,0.5010441861717732
A760,0.58,0.5088261088055408
A778,0.28,0.4985396003556258
A779,0.73,0.5000279194908267
A776,0.79,0.5016001890626662
A777,0.63,0.5023222456445946
A774,0.65,0.5027435344110401
A775,0.8,0.5217805863575579
A772,0.17,0.4889313003193825
A773,0.46,0.494033993961046
A770,0.3,0.5017820815023066
A771,0.79,0.5027174243422026
A309,0.45,0.4977674114116737
A307,0.6,0.4769960121409667
A308,0.85,0.5013634997057944
A305,0.51,0.4920287873504859
A789,0.06,0.4967085096812615
A306,0.28,0.4991221206646404
A303,0.42,0.5081749762464021
A787,0.24,0.5014225830872767
A304,0.39,0.5062438510288789
A788,0.82,0.5233794858023182
A301,0.26,0.4990643050850025
A785,0.6,0.4985203766622547
A302,0.8,0.499482332702485
A786,0.31,0.5560739663042482
A783,0.51,0.4984353819074475
A300,0.93,0.5035282323986874
A784,0.41,0.4941860304995501
A781,0.86,0.5024966240205463
A782,1.0,0.5037123346519711
A780,0.99,0.5037551141246565
A318,0.52,0.4993145442479467
A319,0.68,0.5391692300811998
A316,0.73,0.5058863595242044
A317,0.25,0.4771968542495588
A314,0.12,0.4968096722374209
A798,0.24,0.479338663811507
A315,0.37,0.4908386781740899
A799,0.69,0.4807944181884453
A312,0.05,0.4975180832487553
A796,0.18,0.5001595853977797
A313,0.24,0.494176144133478
A797,0.29,0.4997294089584903
A310,0.22,0.4877629547315781
A794,0.05,0.4999965578748121
A311,0.53,0.4977733062468896
A795,0.13,0.3916819208938241
A792,0.67,0.5011284800856585
A793,0.01,0.4578719856288489
A790,0.23,0.5009792582676627
A791,0.01,0.4670167937298609
A329,0.06,0.4932671348107483
A327,0.5,0.5
A328,0.26,0.5016277537517809
A325,0.56,0.4953802639759457
A326,0.59,0.5153162439867769
A323,0.22,0.5069507809586832
A324,0.04,0.4979506976556509
A321,0.32,0.4947567196291015
A322,0.23,0.5054816344094343
A320,0.75,0.5048939831786667
A338,0.98,0.5079673331609816
A339,0.4,0.4982402160673304
A336,0.06,0.4830586513200744
A337,0.95,0.5150656169011877
A334,0.09,0.4996234780796637
A335,0.13,0.4986674208731531
A332,0.76,0.5083530761403319
A333,0.74,0.5768781729827303
A330,0.86,0.4961603461638255
A331,0.02,0.5000183321335498
A349,0.35,0.5052350904980475
A347,0.74,0.5007494722764951
A348,0.9,0.5033098795431967
A345,0.67,0.5008930598521996
A346,0.33,0.5022045863031415
A343,0.87,0.50586538739559
A344,0.39,0.504680569615751
A341,0.11,0.4998923002259511
A342,0.4,0.4962859862870126
A340,0.93,0.4999999225961868
A358,0.77,0.5012244666177742
A359,0.06,0.4864336059431226
A356,0.24,0.500248010481529
A357,0.09,0.4997941767387175
A354,0.85,0.5069946831145175
A355,0.43,0.5031220514442012
A352,0.51,0.5141738012710559
A353,0.57,0.4851267707033095
A350,0.37,0.5098637669565402
A351,0.12,0.5020982640725133
A369,0.65,0.4951691518345038
A367,0.75,0.5000000055092302
A368,0.47,0.4678865621033875
A365,0.9,0.500266822879163
A366,0.84,0.5068742424943521
A363,0.59,0.4775114978746053
A364,0.9,0.5277739352562754
A361,0.81,0.5001346782450995
A362,0.1,0.4875764898710326
A360,0.58,0.5006688326811155
A2169,0.31,0.5110303989601932
A2168,0.21,0.4943057180971578
A2167,0.11,0.4968808135799833
A378,0.07,0.4943507536103604
A379,0.24,0.4987564590494709
A376,0.46,0.497482540136162
A377,0.9,0.5017364994845922
A374,0.24,0.4939575169691951
A2173,0.58,0.4939787779854551
A375,0.77,0.4420057652330662
A2172,0.28,0.4870930863654121
A372,0.93,0.5000118753801682
A2171,0.78,0.4956908977927666
A373,0.76,0.5026820944432622
A2170,0.21,0.487529826965148
A370,0.42,0.4973486483525866
A2177,0.73,0.4963041852930953
A371,0.64,0.5036103138633649
A2176,0.48,0.5284224674436337
A2175,0.26,0.4942463018783106
A2174,0.13,0.2858907155928898
A2159,0.97,0.5037940893916849
A2158,0.02,0.4935505040163757
A2157,0.74,0.4951056090754721
A2156,0.92,0.5026647762592906
A389,0.96,0.5063457445789528
A387,0.54,0.516922457409136
A388,0.29,0.5003350793692766
A385,0.34,0.4970760746933578
A2162,0.09,0.4860818706170536
A386,0.53,0.5018683264334685
A2161,0.33,0.5016350568304176
A383,0.48,0.4949103874100588
A2160,0.3,0.4970387295483355
A384,0.79,0.6244002283610827
A381,0.34,0.4927536223590183
A2166,0.35,0.5026955857979272
A382,0.06,0.4983423461461327
A2165,0.57,0.4996230446979599
A2164,0.92,0.5024783536281163
A380,0.14,0.5000282716534477
A2163,0.96,0.5001109847804327
A2189,0.78,0.4929139469868017
A398,0.38,0.4916348264939346
A399,0.31,0.5050330151225108
A396,0.78,0.5139554295004515
A2195,0.74,0.4943325657189605
A397,0.97,0.501990880613963
A2194,0.43,0.500362299596737
A394,0.62,0.4999966012649515
A2193,0.64,0.5020429689222559
A395,0.85,0.5513474626989296
A2192,0.54,0.5035193039549196
A392,0.22,0.5003620178804055
A2199,0.81,0.5015619703710917
A393,0.57,0.5014767416536802
A2198,0.91,0.500024805103021
A390,0.12,0.5014898643293385
A2197,0.95,0.5033735279338936
A391,0.55,0.5060942598874906
A2196,0.76,0.4956534856975202
A2191,0.55,0.4988931739372251
A2190,0.47,0.4965010492280896
A2179,0.31,0.5047186681954571
A2178,0.93,0.506951962593972
A2184,0.42,0.5213461458607311
A2183,0.5,0.4384449466739752
A2182,0.7,0.5000000555423347
A2181,0.89,0.5008681930145418
A2188,0.09,0.4936948387992081
A2187,0.68,0.5013704318711171
A2186,0.05,0.4982708538611345
A2185,0.67,0.4940396273962445
A2180,0.1,0.4940250068819081
A1279,0.15,0.4999270608721139
A2126,0.54,0.5140050855944436
A1278,0.67,0.4993136306187229
A2125,0.0,0.9999982209708072
A1277,0.49,0.5143881822055528
A2124,0.65,0.4964272348217741
A1276,0.72,0.5006489124398167
A2123,0.08,0.5020383175901151
A2129,0.72,0.4997176499673113
A2128,0.27,0.5154725635407247
A2127,0.62,0.5357443774218648
A1282,0.69,0.4999909719597574
A1281,0.13,0.5000001114593312
A1280,0.86,0.5103940284830895
A1286,0.49,0.4932711718380488
A2133,0.96,0.4999146434801134
A1285,0.07,0.442537269854825
A2132,0.62,0.5237588095639244
A1284,0.94,0.501918187705183
A2131,0.68,0.5007529382274729
A1283,0.57,0.4572455047532627
A2130,0.96,0.5563961534720718
A1268,0.39,0.4956519301425555
A2115,0.71,0.4989220491618
A2599,0.31,0.482787594423584
A1267,0.16,0.486401520285779
A2114,0.2,0.5032022556172179
A2598,0.13,0.4974156659865095
A1266,0.13,0.4735477031574107
A2113,0.04,0.4739820001146734
A2597,0.6,0.5015626176899711
A1265,0.26,0.4989156107363728
A2112,0.46,0.5065575248599545
A2596,0.28,0.5087490259059078
A2119,0.85,0.5247113785786016
A2118,0.16,0.4897698783553371
A2117,0.68,0.4994454106852535
A1269,0.41,0.4262601356103488
A2116,0.57,0.5087925766735537
A1271,0.59,0.5000550551279789
A1270,0.51,0.4965065867236927
A1275,0.12,0.4981760103577259
A2122,0.24,0.502085465780562
A1274,0.79,0.5015687203790259
A2121,0.64,0.5044591055729719
A1273,0.72,0.5000320078021461
A2120,0.85,0.5021336264758025
A1272,0.68,0.5043894726377722
A2148,0.64,0.5021387822246856
A2147,0.7,0.500006668302671
A1299,0.17,0.4940473326727981
A2146,0.87,0.4977414300098609
A1298,0.21,0.5000509751517141
A2145,0.23,0.4993707554149872
A2149,0.03,0.4848892908394619
A2151,0.61,0.5095512571179929
A2150,0.99,0.5019638253826519
A2155,0.93,0.4838157352369033
A2154,0.52,0.4959118756229029
A2153,0.86,0.4962041667197052
A2152,0.65,0.5229457361756583
A2137,0.91,0.5248257251105738
A1289,0.65,0.4987534136578935
A2136,0.83,0.5031803434731729
A1288,0.59,0.5023596753130026
A2135,0.42,0.504700559095916
A1287,0.1,0.4733973947689583
A2134,0.54,0.4999876374629975
A2139,0.65,0.5000607982322823
A2138,0.84,0.5255197596903356
A1293,0.77,0.4880868710841245
A2140,0.51,0.5020146943439169
A1292,0.77,0.5038876299743212
A1291,0.23,0.4974278835157861
A1290,0.99,0.5037365630472397
A1297,0.25,0.500020321962882
A2144,0.48,0.4979252584589088
A1296,0.19,0.4879785558968068
A2143,0.2,0.4970962108112498
A1295,0.63,0.4962356064828071
A2142,0.11,0.4982468958147685
A1294,0.46,0.4972417050655512
A2141,0.09,0.5026377329674782
A1235,0.3,0.4956419965694197
A2566,0.47,0.4869630795308302
A1234,0.54,0.5046282060764606
A2565,0.9,0.500494395056279
A1233,0.49,0.4974707775992342
A2564,0.04,0.4977370524050165
A1232,0.08,0.4991442639005449
A2563,0.33,0.50943755730157
A1239,0.83,0.5000000000402953
A1238,0.42,0.5092107155960243
A2569,0.56,0.5000276287451547
A1237,0.08,0.5204315763521923
A2568,0.68,0.5047140268392043
A1236,0.05,0.5015238881649008
A2567,0.19,0.5233505637373178
A1242,0.38,0.4977069581393337
A2573,0.31,0.4944347884852854
A1241,0.97,0.500396857610146
A2572,0.96,0.4976164224559656
A1240,0.57,0.4930134609021921
A2571,0.34,0.4999851112936525
A2570,0.91,0.5278378932012929
A1229,0.69,0.5022269652448209
A1224,0.19,0.475443410404509
A2555,0.54,0.5050359812494152
A1223,0.07,0.4973381874675357
A2554,0.72,0.5224474068163778
A1222,0.9,0.5007220691374119
A2553,0.61,0.5080194032343843
A1221,0.69,0.5168856419112048
A2552,0.47,0.4965249053453237
A1228,0.75,0.4996672335568387
A2559,0.94,0.5287471112948425
A1227,0.49,0.4367726148270319
A2558,0.83,0.5057251481179962
A1226,0.28,0.4890396900029578
A2557,0.7,0.5216854220745392
A1225,0.17,0.4970533070776496
A2556,0.12,0.4969056108128453
A1231,0.98,0.5018631575461114
A2562,0.29,0.5015861912243983
A1230,0.39,0.4997079396705176
A2561,0.11,0.4970060525968945
A2560,0.14,0.5069000390228958
A2109,1.0,0.5312956482342126
A1257,0.95,0.4999898147547402
A2104,0.02,0.4934446788651844
A2588,0.73,0.4923752511385258
A1256,0.48,0.5434352673703344
A2103,0.33,0.5052338224573145
A2587,0.85,0.4959294313910782
A1255,0.88,0.4936403504473438
A2102,0.3,0.4999959541469366
A2586,0.42,0.500100715540924
A1254,0.2,0.499974255290613
A2101,0.7,0.5140716052503267
A2585,0.13,0.4443181976142671
A2108,0.24,0.5000314007480541
A2107,0.86,0.5471433632088991
A1259,0.37,0.4987497557097278
A2106,0.06,0.500010256900092
A1258,0.86,0.5230568618980346
A2105,0.09,0.5061741136314637
A2589,0.12,0.5000476913776578
A1260,0.52,0.5123747901704093
A2591,0.37,0.4987047813541868
A2590,0.23,0.5064435376865832
A1264,0.6,0.5196643778676728
A2111,0.71,0.4988958031241062
A2595,0.73,0.4975857017286867
A1263,0.84,0.4997015013435382
A2110,0.17,0.4993731539749136
A2594,0.81,0.5492153479453469
A1262,0.64,0.5044129486260885
A2593,0.41,0.5011545679935058
A1261,0.45,0.4905443871858131
A2592,0.85,0.5015676613127152
A1246,0.54,0.4723929313351335
A2577,0.57,0.5015591911906054
A1245,0.72,0.485502932979752
A2576,0.78,0.4998236882185108
A1244,0.85,0.4976119853364854
A2575,0.56,0.4924446359233188
A1243,0.26,0.4988770161835486
A2574,0.77,0.5000367367089898
A1249,0.42,0.503234133893865
A1248,0.68,0.4964736949361114
A2579,0.74,0.5008228728883786
A1247,0.71,0.512370884179024
A2578,0.73,0.5019575414860338
A2580,0.41,0.4353832683705181
A1253,0.61,0.5006034865464684
A2100,0.73,0.5031350706467224
A2584,0.76,0.4998875440501788
A1252,0.51,0.4654468673621393
A2583,0.18,0.4924095857079293
A1251,0.36,0.481722296484369
A2582,0.23,0.4961901369791094
A1250,0.22,0.5007629916478125
A2581,0.12,0.498362251927051
A1439,0.02,0.4931227454646389
A1438,0.29,0.4972546779290574
A1433,0.65,0.5000566856044875
A1432,0.63,0.4934421556807475
A1431,0.02,0.4998580999274996
A1430,0.63,0.5007356189458904
A1437,0.08,0.4856231462102037
A1436,0.2,0.4914397433316185
A1435,0.52,0.5629483721921842
A1434,0.65,0.5000283185054692
A1440,0.85,0.5332544876170924
A1429,0.17,0.4969036555380773
A1428,0.49,0.5143050330185674
A1427,0.81,0.54809772521085
A1422,0.16,0.4984834812466279
A1421,0.13,0.5000056386305607
A1420,0.09,0.4982914185836508
A1426,0.24,0.500768199928775
A1425,0.6,0.4936402589918028
A1424,0.34,0.5023847746143816
A1423,0.06,0.502633896608211
A2309,0.08,0.4871004408315919
A2308,0.71,0.4998506001349778
A2307,0.92,0.4974477622160307
A1455,0.76,0.5073054097754474
A2302,0.96,0.0039179613589705
A1454,0.75,0.5120342319098788
A2301,0.53,0.5028609734549121
A1453,0.35,0.5002419105508085
A2300,0.51,0.4327516753196636
A1452,0.5,0.5012756131331194
A1459,0.51,0.5007159666718267
A2306,1.0,0.5152207158158153
A1458,0.19,0.5048773423678016
A2305,0.92,0.5058396220280036
A1457,0.16,0.4979367398405767
A2304,0.21,0.4894863229672427
A1456,0.58,0.5062166299122602
A2303,0.74,0.4887452804757616
A1462,0.84,0.5014255284137549
A1461,0.18,0.2972098785791765
A1460,0.35,0.4975715673953216
A808,0.1,0.4974408109979206
A809,0.54,0.4870210051760811
A806,0.12,0.4866610535412869
A807,0.77,0.522882657633075
A1449,0.27,0.4938309838848264
A804,0.81,0.5034398303356843
A805,0.38,0.4929047910537329
A802,0.59,0.5170871070537891
A803,0.85,0.5115916001743055
A800,0.24,0.4878946891091855
A1444,0.11,0.4944962551961491
A801,0.39,0.5057866360077521
A1443,0.52,0.5173811893294517
A1442,0.85,0.5008298220744081
A1441,0.46,0.6138299921545289
A1448,0.92,0.5017729066147115
A1447,0.17,0.5199161836614699
A1446,0.36,0.4951092417773204
A1445,0.6,0.4999998216889474
A1451,0.26,0.504111787150004
A1450,0.74,0.4999991289910037
A819,0.06,0.4691710394374134
A817,0.68,0.5052295428491944
A1879,0.86,0.5066892419980953
A818,0.98,0.500508070237345
A1878,0.95,0.6120076997035394
A815,0.3,0.4991608316331282
A816,0.09,0.4991357124117364
A813,0.88,0.4999797110265136
A814,0.22,0.500700675477478
A811,0.2,0.4997814095406164
A1873,0.98,0.5306669432703606
A812,0.73,0.5404962118190514
A1872,0.92,0.5036021781858295
A1871,0.5,0.5158771210711315
A810,0.48,0.4989244354185937
A1870,0.84,0.5963651968873175
A1877,0.51,0.5037618136284987
A1876,0.97,0.5154633456530319
A1875,0.61,0.5112457031748328
A1874,0.52,0.4996386588744982
A1880,0.95,0.4984834349259159
A1869,0.38,0.4920150952392061
A828,0.22,0.4528989404879504
A1868,0.78,0.5029388728133045
A829,0.51,0.5256356801794932
A1867,0.23,0.4999348023850407
A826,0.97,0.5019018514019287
A827,0.04,0.4939280410999052
A824,0.38,0.5052011813203928
A825,0.6,0.5032620700755374
A822,0.27,0.500048294139727
A1862,0.09,0.5009716153892286
A823,0.91,0.5129859476833768
A1861,0.15,0.476476616020222
A820,0.97,0.5035938899028675
A1860,0.12,0.498092819936999
A821,0.54,0.5157419778413574
A1866,0.81,0.5000443209146528
A1865,0.54,0.5327094059923717
A1864,0.2,0.5000004792718822
A1863,0.86,0.4956095510511308
A1419,0.02,0.4675723561116834
A1418,0.42,0.506529129981857
A839,0.43,0.5030806882615415
A1417,0.31,0.5020339443677004
A1416,0.96,0.515144138772109
A837,1.0,0.5000008192627531
A838,0.0,0.9903434938988795
A835,0.61,0.5009010390718261
A836,0.28,0.5000779536961062
A833,0.64,0.5028353668708976
A1411,0.76,0.5049747771331989
A1895,0.23,0.506841656859458
A834,0.55,0.4976495251006416
A1410,0.5,0.5634290905517361
A1894,0.58,0.4993861699734582
A831,0.68,0.5122296655787802
A1893,0.78,0.4898058669441996
A832,0.81,0.5512307028037019
A1892,0.31,0.4999928796685462
A1415,0.78,0.502703450393711
A1899,0.37,0.5000379868342054
A830,0.26,0.4919389718627304
A1414,0.2,0.4994482479987085
A1898,0.48,0.4994020351610682
A1413,0.19,0.5227326982750475
A1897,0.6,0.5016451486848859
A1412,0.3,0.5370757017999971
A1896,0.35,0.4993785147098149
A1408,0.19,0.4970608365596614
A1407,1.0,0.5543730591125822
A1406,0.53,0.5007624756274721
A1405,0.75,0.5014173710702392
A1889,0.06,0.4990887533109993
A848,0.22,0.4985029610206059
A849,0.35,0.504614398005409
A846,0.61,0.5007030566411301
A847,0.39,0.5105383853683251
A1409,0.6,0.4985220051118317
A844,0.89,0.5135607614658515
A1400,0.4,0.4907359151317574
A1884,0.64,0.5037250586522218
A845,0.23,0.4975183730306886
A1883,0.13,0.5002190234500475
A842,0.12,0.4543176729476988
A1882,0.95,0.5148284463575469
A843,0.09,0.4993383929175094
A1881,0.73,0.4931206566264048
A840,0.53,0.4939395452736
A1404,0.49,0.4959096304196652
A1888,0.36,0.5395785563629322
A841,0.91,0.5275242591628663
A1403,0.48,0.500272260507138
A1887,0.48,0.4956318223131775
A1402,0.12,0.487255149348912
A1886,0.31,0.4922428770633457
A1401,0.33,0.5016634762098804
A1885,0.65,0.52112371797273
A1891,0.36,0.5000001696416939
A1890,0.99,0.5038411482153855
A1837,0.77,0.5049030091970653
A1836,0.6,0.4876933436292915
A1835,0.94,0.5009196864855787
A1834,0.07,0.4890038460826363
A859,0.23,0.5001506672254492
A857,0.26,0.5059309077176033
A1839,0.4,0.4912238422767015
A858,0.01,0.4999992533436312
A1838,0.08,0.5012383256032301
A855,0.09,0.4463182896931254
A856,0.92,0.5014367521008727
A853,0.93,0.503513278616085
A854,0.31,0.5024583324530271
A851,0.68,0.516528875631293
A1833,0.18,0.4994235783907123
A852,0.41,0.4940612077847243
A1832,0.61,0.4950272477983185
A1831,0.64,0.5021915608449669
A850,0.58,0.5357829394907057
A1830,0.57,0.5016738823298695
A1826,0.03,0.5036039291130594
A1825,0.92,0.5025670130112567
A1824,0.63,0.5793551705383332
A1823,0.05,0.4963512139081721
A1829,0.33,0.5036771590394562
A868,0.52,0.5003606349079186
A1828,0.66,0.5001389226069444
A869,0.6,0.5030288349980797
A1827,0.73,0.4991076242730131
A866,0.79,0.5052991353333054
A867,0.66,0.5204503119706969
A864,0.3,0.4969398401618908
A865,0.56,0.4710404053622536
A862,0.41,0.4298061963851626
A1822,0.22,0.4996385255996694
A863,0.72,0.490772460088292
A1821,0.03,0.5000148829310885
A860,0.49,0.5022788760263212
A1820,0.46,0.4643292944114091
A861,0.82,0.5067279984088305
A1859,0.25,0.4989762647880265
A1858,0.33,0.5002146712060421
A1857,0.41,0.4990049184228521
A1856,0.25,0.4958685766277168
A879,0.81,0.5303031753165028
A877,0.62,0.5360716603597586
A1851,0.19,0.502231760144914
A878,0.02,0.493884699066084
A1850,0.21,0.4903019806142504
A875,0.93,0.5270529554182208
A876,0.68,0.4982329670115552
A873,0.9,0.5149616673185757
A1855,0.96,0.502008219832907
A874,0.15,0.4978702939872894
A1854,0.82,0.5040431419699573
A871,0.5,0.5056620592992661
A1853,0.69,0.5205189902892551
A872,0.73,0.9956914161268065
A1852,0.95,0.4999990915248773
A870,0.18,0.4997433532195533
A1848,0.84,0.608001080221024
A1847,0.06,0.4872604980121567
A1846,0.86,0.5245707764057609
A1845,0.18,0.4913734768455238
A408,0.08,0.5199106708490215
A409,0.32,0.4987877939503393
A406,0.29,0.495340434862011
A407,0.16,0.4747088937838866
A1849,0.05,0.4996824850267882
A404,0.88,0.501598736906316
A888,0.85,0.5000117512285756
A1840,0.77,0.4990252797523158
A405,0.87,0.4996433445809666
A889,0.09,0.4969773714663449
A402,0.27,0.500433849137596
A886,0.38,0.5061231163244158
A403,0.07,0.5040670763052892
A887,0.93,0.5129005290819945
A400,0.32,0.5101088453983637
A884,0.8,0.497609088064792
A1844,0.74,0.5447798578159219
A401,0.79,0.9459593035939794
A885,0.21,0.4857330869822045
A1843,0.42,0.5107832785918194
A882,0.62,0.4885716412883316
A1842,0.44,0.6061571514795493
A883,0.24,0.4886248227161501
A1841,0.77,0.4987377374250817
A880,0.62,0.4918458394452663
A881,0.31,0.4949844019927893
A419,0.71,0.4986454918741668
A417,0.88,0.4963345191779195
A418,0.37,0.5011443855331389
A415,0.97,0.5639155998389619
A899,0.12,0.4438181324937013
A416,0.96,0.5149062662589865
A413,0.48,0.5015238499688842
A897,0.01,0.46818088940792
A414,0.51,0.5164857059968888
A898,0.87,0.5071093716049906
A411,0.47,0.4969619101354083
A895,0.87,0.4975184171023536
A412,0.01,0.4847280116831871
A896,0.27,0.5189152707348634
A893,0.11,0.4539622475946544
A410,0.99,0.5060443600758705
A894,1.0,0.5347205972358936
A891,0.79,0.5026689838812748
A892,0.34,0.4912870879182489
A890,0.67,0.5003515267782445
A428,0.66,0.6612993709958495
A429,0.15,0.4960035395475774
A426,0.3,0.5084600684078794
A427,0.29,0.499852508998727
A424,0.63,0.4990211430100932
A425,0.94,0.5103982397793198
A422,0.1,0.4480903040007795
A423,0.28,0.4788792920842678
A420,0.62,0.4996773679277859
A421,0.88,0.4932983972032714
A1815,0.85,0.5246711649762152
A1814,0.49,0.500773968139648
A1813,0.85,0.5070910895106635
A1812,0.51,0.4902481453097584
A1819,0.46,0.4989628608483394
A1818,0.88,0.5028476706317299
A439,0.11,0.4999139871916269
A1817,0.12,0.4988448928377063
A1816,0.49,0.5002221235901937
A437,0.87,0.506320246264574
A438,0.8,0.4996368619654753
A435,0.62,0.501622785579929
A436,0.66,0.5030704009858236
A433,0.78,0.5053202206329995
A1811,0.17,0.5000967096993035
A434,0.52,0.4989053180214607
A1810,0.89,0.5015564283771271
A431,0.77,0.5054949558972458
A432,0.86,0.5259849355407509
A430,0.37,0.5027437333545466
A1804,0.39,0.4905585079690802
A1803,0.39,0.5047064081685146
A1802,0.11,0.5001700226219543
A1801,0.3,0.5020781974933866
A1808,0.23,0.5503685484443424
A1807,0.96,0.508331254565793
A1806,0.43,0.4917212110549138
A1805,0.31,0.5022704896621567
A448,0.19,0.5000004217223134
A449,0.0,0.9997917380138628
A446,0.76,0.5001622059002317
A447,0.5,0.9960011422592396
A444,0.93,0.5036348506569142
A1800,0.84,0.4903446468388364
A445,0.97,0.5014974161333113
A442,0.81,0.5016367751469225
A443,0.48,0.5001848201395668
A440,0.47,0.503522039641138
A441,0.91,0.4990649785987326
A1809,0.22,0.4800992547743007
A459,0.88,0.5130221115699717
A457,0.61,0.4908143086536543
A458,0.77,0.5003529739649262
A455,0.19,0.5011420518449041
A456,0.81,0.5248802509063448
A453,0.61,0.5020693708095961
A454,0.04,0.5000415183994616
A451,0.65,0.5055751955377344
A452,0.47,0.493079036390006
A450,0.07,0.5003927442407244
A468,0.68,0.499822614639873
A469,0.64,0.5147683186202866
A466,0.77,0.5100835540181383
A467,0.46,0.5051123447509099
A464,0.12,0.3894152185743997
A465,0.23,0.4944406391937876
A462,0.28,0.4929288383458695
A463,0.91,0.4968754446253245
A460,0.49,0.5152026201835624
A461,0.88,0.4936714437945693
A479,0.28,0.5034902225155821
A477,0.87,0.5005293548524964
A478,0.12,0.4930536397312354
A475,0.19,0.4895907855619426
A476,0.65,0.5407577977920573
A473,0.51,0.500043928697131
A474,0.51,0.4992183743055757
A471,0.13,0.4934561279982901
A472,0.35,0.5388750495458726
A470,0.91,0.5064117258483204
A488,0.06,0.4973173193484389
A489,0.17,0.4955637504747746
A486,0.03,0.4964112743022008
A487,0.68,0.4963899460563791
A484,0.15,0.4929301974452182
A485,0.15,0.4989874466331569
A482,0.83,0.4997095777405479
A483,0.38,0.4999192481249532
A480,0.28,0.5075698706691403
A481,0.63,0.5015875591862502
A2289,0.15,0.5116528722004211
A2288,0.91,0.5018721140290023
A499,0.43,0.4987440348978177
A497,0.04,0.4707836305430113
A498,0.91,0.5000076614358928
A495,0.58,0.4989482818459266
A2294,0.78,0.4876596169599815
A496,0.47,0.5071583412902035
A2293,0.64,0.5001198294963454
A493,0.33,0.4903501763824462
A2292,0.79,0.5027134633080347
A494,0.08,0.4927444436294888
A2291,0.29,0.5022128364922192
A491,0.15,0.5014067906295306
A2298,0.61,0.4852489346208281
A492,0.99,0.5165866091437823
A2297,0.57,0.5070745937432879
A2296,0.35,0.5023306187012889
A490,0.19,0.5012714390111954
A2295,0.83,0.4999650733145556
A2290,0.0,0.9659199478390176
A2279,0.44,0.4973172041863327
A2278,0.19,0.4989633006827059
A2277,0.39,0.4971382688947091
A2283,0.53,0.4964302622032511
A2282,0.81,0.4949714922304575
A2281,1.0,0.5158782539649924
A2280,0.54,0.4993906747919195
A2287,0.71,0.4999372554473931
A2286,0.91,0.4994061263223209
A2285,0.98,0.5000197641991053
A2284,0.56,0.5163494140138088
A2299,0.56,0.5172748462866109
A2247,0.59,0.4998588320019975
A1399,0.38,0.4784209270702657
A2246,0.68,0.5010757924152405
A1398,0.32,0.5001232755181969
A2245,0.82,0.5036254488165415
A1397,0.91,0.4976591675572716
A2244,0.96,0.5010490787732906
A2249,0.52,0.0068134951474946
A2248,0.38,0.4983497549782531
A2250,0.44,0.4928421176488949
A2254,0.53,0.5075956978711625
A2253,0.2,0.5112232019651358
A2252,0.22,0.4968811608362974
A2251,0.18,0.4932856162308932
A1389,0.58,0.517434075304137
A2236,0.02,0.4954129657692553
A1388,0.35,0.5107859099564693
A2235,0.86,0.5135327200870523
A1387,0.67,0.4919241655976095
A2234,0.67,0.5008322821830493
A1386,0.03,0.4993988541947547
A2233,0.7,0.4982804181056816
A2239,0.19,0.4987686748986471
A2238,0.37,0.5001786046909052
A2237,0.49,0.5027518204234419
A1392,0.55,0.4996922367317922
A1391,0.65,0.5111658674910425
A1390,0.95,0.5289234586751457
A1396,0.15,0.4748584986236019
A2243,0.21,0.500031003375901
A1395,0.94,0.5581259537255312
A2242,0.82,0.4989039841445641
A1394,0.69,0.5006050538050013
A2241,0.28,0.4981369902600395
A1393,0.81,0.5016425555460868
A2240,0.45,0.490345410341913
A2269,0.61,0.5165652343304933
A2268,0.94,0.5036097909455718
A2267,0.9,0.523181260741132
A2266,0.66,0.5809944682536318
A2272,0.13,0.4497347672299291
A2271,0.53,0.5010625258520813
A2270,0.01,0.4977159509148799
A2276,0.3,0.5009597825851148
A2275,0.95,0.4994115451529579
A2274,0.13,0.4962378907178901
A2273,0.57,0.4980929435956461
A2258,0.83,0.4991253186487452
A2257,0.5,0.4920968159232038
A2256,0.45,0.4826949801266675
A2255,0.09,0.5000014160488735
A2259,0.3,0.4957945911568649
A2261,0.64,0.4902510118791669
A2260,0.17,0.4748537138252562
A2265,0.1,0.4930278443080417
A2264,0.29,0.4956885931285681
A2263,0.47,0.5001848583002195
A2262,0.97,0.4987258150103887
A2209,0.65,0.5000036695155016
A2208,0.49,0.4942904228336986
A1356,0.46,0.5029792026129927
A2203,0.22,0.4958426358701449
A1355,0.83,0.5061580451642805
A2202,0.38,0.5040077453433541
A1354,0.66,0.4954705199963987
A2201,0.83,0.4987648867223852
A1353,0.84,0.5116286827879795
A2200,0.28,0.4999994943859987
A2207,0.93,0.5139801813395042
A1359,0.19,0.4992454238317903
A2206,0.48,0.4963364525421415
A1358,0.47,0.5072699160716183
A2205,0.21,0.4996845544932143
A1357,0.44,0.4648803448094573
A2204,0.91,0.5001821882815756
A1363,0.49,0.508054322104841
A2210,0.51,0.5040609910672484
A1362,1.0,0.6286718344860006
A1361,0.97,0.4999194040700245
A1360,0.15,0.4933514681205379
A1345,0.84,0.4809247343826094
A1344,1.0,0.5000036009870218
A1343,0.13,0.4871290242420315
A1342,0.47,0.5044747856029437
A1349,0.47,0.5029731308922858
A1348,0.05,0.4935797477714986
A1347,0.13,0.4993630582576259
A1346,0.73,0.5025902070649827
A1352,0.55,0.5678287760621795
A1351,0.27,0.516959475238229
A1350,0.24,0.4998205824990668
A1378,0.16,0.4999127760517748
A2225,0.5,0.4995309302602054
A1377,0.11,0.501142073165273
A2224,0.71,0.512918254712975
A1376,0.2,0.5194150235563966
A2223,0.03,0.4960868690243052
A1375,0.5,0.5126126567796347
A2222,0.55,0.5338943436068907
A2229,0.8,0.5010782600177209
A2228,0.06,0.4892035293776526
A2227,0.08,0.4427674225296327
A1379,0.62,0.5020433110055704
A2226,0.95,0.5016746799041479
A1381,0.82,0.5071251972187225
A1380,0.39,0.5540606223361169
A1385,0.49,0.5018633529389875
A2232,0.2,0.4544324576768748
A1384,0.96,0.5147201376334452
A2231,0.8,0.4950270120234243
A1383,0.25,0.4885346089109092
A2230,0.35,0.4970024514835007
A1382,0.21,0.4970766579583756
A2219,0.67,0.4939327585398316
A1367,0.3,0.5319781303803716
A2214,0.23,0.4995858338453611
A1366,0.91,0.5070761653885058
A2213,0.33,0.5070808256355918
A1365,0.7,0.4982507957599136
A2212,0.21,0.5005401974693483
A1364,0.72,0.4985468408674103
A2211,0.61,0.9983554819606356
A2218,0.53,0.5000110856722472
A2217,0.65,0.5168283369926812
A1369,0.66,0.4904352536739704
A2216,0.98,0.5013633216801798
A1368,0.61,0.5029428140509746
A2215,0.42,0.5045005094993565
A1370,0.37,0.4999248586260117
A1374,0.19,0.5006645122185879
A2221,0.96,0.501354316037478
A1373,0.11,0.4932394246748242
A2220,0.66,0.4988785653248155
A1372,0.35,0.5105125023836931
A1371,0.77,0.4999369522991284
A2409,0.5,0.4972964827866004
A2408,0.23,0.5003029928899533
A2407,0.57,0.4953366919290108
A1559,0.88,0.5000000047223158
A2406,0.29,0.5812793111015421
A1554,0.77,0.5115848776038723
A2401,0.44,0.5039016798532955
A1553,0.52,0.5025950575176666
A2400,0.2,0.4960234763078079
A1552,0.82,0.5560325228940842
A1551,0.04,0.4959152628523356
A1558,0.4,0.5024541381926795
A2405,0.72,0.430234901957764
A1557,0.81,0.5000668068964373
A2404,0.0,0.9999585629339744
A1556,0.58,0.5086763457223472
A2403,0.19,0.3064370026584624
A1555,0.33,0.5023308699129442
A2402,0.52,0.5004242531344416
A1561,0.39,0.5029623131537866
A1560,0.83,0.5026612727295618
A907,0.1,0.4958572658369622
A908,0.38,0.5215159876860415
A905,0.25,0.4913495441221932
A1549,0.05,0.4863520366348385
A906,0.05,0.3793647982582305
A1548,0.85,0.5033178218328268
A903,0.5,0.4960109967908884
A904,0.56,0.4988135740229716
A901,0.85,0.5008517933001093
A902,0.49,0.5163004599369451
A1543,0.87,0.5062523152933036
A900,0.23,0.4774424095449305
A1542,0.49,0.507466501809477
A1541,0.27,0.4983447917900799
A1540,0.01,0.4997390014427798
A1547,0.19,0.506023736705502
A1546,0.82,0.5000721433961488
A0,0.5,0.4931865790633194
A1545,1.0,0.5146027099780276
A1,0.94,0.4999166081957882
A1544,0.81,0.5109827645553263
A2,0.2,0.4984679681700915
A3,0.92,0.5235466899921182
A4,0.39,0.49715747536026
A5,0.61,0.4813204453631695
A6,0.01,0.4963917650592699
A1550,0.14,0.4964097659526121
A7,0.83,0.4995991865230486
A8,0.5,0.4874854655431654
A9,0.63,0.5019500481917446
A918,0.23,0.4980982095135939
A919,0.17,0.4897912864316447
A916,0.07,0.5010458041197852
A2429,0.91,0.5052375877669959
A917,0.9,0.5246729669954815
A2428,0.35,0.5000666694234108
A914,0.34,0.4975904789599874
A915,0.94,0.5135192464147074
A912,0.97,0.5596283531060817
A913,0.34,0.5000549087809422
A910,0.56,0.5079147476004796
A1576,0.57,0.5042518575369808
A2423,0.19,0.50562354732782
A911,0.95,0.5295448372028388
A1575,0.39,0.4651720804756198
A2422,0.62,0.5022010697110371
A1574,0.29,0.4959946458217975
A2421,1.0,0.5015265986921501
A1573,0.74,0.4876683369881252
A2420,0.77,0.5093896853102055
A2427,0.97,0.4999706267047468
A1579,0.06,0.4970167593632677
A2426,0.75,0.498188721586777
A1578,0.29,0.5011247410755911
A2425,0.95,0.507571355091317
A1577,0.2,0.501023395870156
A2424,0.95,0.5128519213674446
A1583,0.69,0.4998567830442149
A2430,0.93,0.5060116630287439
A1582,0.83,0.500005905681267
A1581,0.39,0.5004302714996607
A1580,0.04,0.5017241962201147
A909,0.74,0.5101189946508058
A929,0.6,0.5017435229231565
A2419,0.26,0.4999999913096218
A927,0.81,0.4999561309141355
A2418,0.66,0.4987090122888338
A928,0.74,0.522145829132695
A2417,0.43,0.4909622367811586
A925,0.58,0.4933920334786047
A926,0.73,0.5047175666619219
A923,0.8,0.4968177450744642
A924,0.58,0.5070997465825082
A921,0.3,0.5079212291298849
A1565,0.85,0.5017962965204144
A2412,0.63,0.5099567935770775
A922,0.2,0.4999999120035455
A1564,0.12,0.4933161303359004
A2411,0.88,0.5029735824168394
A1563,0.3,0.4991511553222619
A2410,0.51,0.4858985279099854
A920,0.65,0.4792705147851688
A1562,0.93,0.4964401414548178
A1569,0.17,0.4369118160127612
A2416,0.02,0.4845378934672801
A1568,0.07,0.3769900976897994
A2415,0.15,0.5001992706608237
A1567,0.06,0.4718722003807434
A2414,0.71,0.5089171350775863
A1566,0.1,0.4927550670346668
A2413,0.83,0.4978167435922878
A1572,0.66,0.4996419374756253
A1571,0.51,0.4999905632370833
A1570,0.72,0.5359554191492755
A1518,0.19,0.5043888128253152
A1517,0.07,0.4985031855072313
A938,0.07,0.5044388347097603
A1516,0.37,0.4979478913087585
A939,0.42,0.5005080796542315
A1515,0.48,0.4913866354803021
A1999,0.56,0.5286639209780487
A936,0.31,0.5183145584329674
A937,0.62,0.5096785243553961
A934,0.1,0.5010855173728426
A935,0.11,0.500367344183051
A1519,0.77,0.527497110049375
A932,0.66,0.5095746371126325
A1510,0.88,0.4974501231144019
A1994,0.82,0.4950089402622289
A933,0.49,0.5017157787987911
A1993,0.01,0.5021677886782495
A930,0.78,0.5483277766444902
A1992,0.25,0.4977945440302787
A931,0.94,0.4998744590331789
A1991,0.13,0.4880290966599233
A1514,0.07,0.5000076022605718
A1998,0.01,0.5000001462920549
A1513,0.37,0.4995175095767556
A1997,0.83,0.5030884309933048
A1512,0.91,0.4950879565529772
A1996,0.92,0.5133697889441354
A1511,0.92,0.5275236190599817
A1995,0.57,0.4933685765667717
A1507,0.2,0.5015747315490328
A1506,0.54,0.5000403696076111
A949,0.45,0.4999865310979183
A1505,0.84,0.4996289535095637
A1989,0.4,0.5071939598790927
A1504,0.71,0.5052770050189371
A1988,0.74,0.502351737093558
A947,0.81,0.4999341790533879
A948,0.84,0.5016921435455761
A945,0.92,0.4986005703431504
A1509,0.7,0.5208770644229399
A946,0.88,0.5126160010089175
A1508,0.3,0.535829726833772
A943,0.34,0.5014070274382393
A1983,0.56,0.4987090288540974
A944,0.78,0.5246470522289908
A1982,0.31,0.5013002703751507
A941,0.19,0.4985483982304188
A1981,0.94,0.5281873743423549
A942,0.78,0.499964893320251
A1980,0.93,0.5070508723081354
A1503,0.34,0.503011359725249
A1987,0.97,0.5058085639940662
A940,0.88,0.5238438631575235
A1502,0.96,0.7413642985833222
A1986,0.6,0.5345093517443691
A1501,0.46,0.5061236595868029
A1985,0.06,0.4504360303751658
A1500,0.48,0.5017663328573815
A1984,0.97,0.500050704167086
A1990,0.8,0.4968279886075448
A1539,0.04,0.3866385921200402
A1538,0.83,0.5128914854542974
A1537,0.39,0.4967511765275736
A958,0.57,0.4436196526319866
A959,0.13,0.5018319507740441
A956,0.69,0.504586311559687
A957,0.31,0.489285049514425
A954,0.52,0.4857614627281661
A1532,0.35,0.5006588331727536
A955,0.48,0.4972075597396137
A1531,0.12,0.5070133857842894
A952,0.52,0.5583063696069437
A1530,0.67,0.5043108780145016
A953,0.17,0.4999775474587459
A950,0.36,0.5006903011521394
A1536,0.6,0.4774697446765277
A951,0.87,0.4919093614972192
A1535,0.56,0.4999046369620972
A1534,0.62,0.5012354923415506
A1533,0.29,0.5027244972749175
A1529,0.1,0.5012158606973345
A1528,0.72,0.4999762291280944
A1527,0.96,0.5018326034089234
A1526,0.9,0.5000180596031962
A969,0.23,0.5011757033299885
A967,0.86,0.5132603332236697
A968,0.15,0.5028577548324018
A965,0.29,0.5005911580141085
A1521,0.22,0.519536246112007
A966,0.17,0.4998895278409109
A1520,0.45,0.5561186982551558
A963,0.28,0.4938029329399985
A964,0.7,0.4980520552696647
A961,0.91,0.5040885884674138
A1525,0.06,0.471912566098876
A962,0.63,0.5094994043431438
A1524,0.85,0.4999949507318493
A1523,0.82,0.5024275569480563
A960,0.81,0.5084814550790797
A1522,0.09,0.486259776484826
A1958,0.51,0.5052616146502679
A1957,0.87,0.5005880898641644
A1956,0.84,0.4661778606520734
A1955,0.67,0.5101131243778663
A978,0.61,0.5005591334080656
A979,0.87,0.5010070406251119
A1959,0.52,0.500018033578375
A976,0.71,0.5100362538102765
A1950,0.73,0.5889143344573331
A977,0.15,0.4508129173541459
A974,0.08,0.4982091899447127
A975,0.53,0.4997145254652225
A972,0.62,0.5389230821384758
A1954,0.5,0.5012074673756091
A973,0.77,0.5118451002549916
A1953,0.92,0.5085133335573768
A970,0.81,0.5028709824601366
A1952,0.84,0.5057797994806875
A971,0.87,0.5015660098351209
A1951,0.77,0.4992967950418208
A1947,0.57,0.5096398083832514
A1946,0.77,0.4984315103281141
A509,0.15,0.4866797201856989
A1945,0.9,0.5549888991788307
A1944,0.92,0.4999999986578414
A507,0.08,0.498290187047853
A508,0.98,0.5267235017143711
A505,0.24,0.5014534328483247
A989,0.19,0.4899612671996947
A1949,0.07,0.4931463681542334
A506,0.7,0.5101198750639236
A1948,0.43,0.4998944342728494
A503,0.6,0.5024842130918671
A987,0.63,0.4090554693994131
A504,0.3,0.4640725141270913
A988,0.31,0.5022739561025537
A501,0.4,0.5016127020589846
A985,0.29,0.4998805497829976
A502,0.2,0.4601162973171757
A986,0.33,0.5161328452543646
A983,0.72,0.4971518813673768
A1943,0.24,0.4879112699573443
A500,0.79,0.5018007177067685
A984,0.53,0.5032172333562905
A1942,0.12,0.5006267524849063
A981,0.73,0.4982538346862211
A1941,0.41,0.497028503096764
A982,0.26,0.4989941522786981
A1940,0.66,0.5110479749655067
A980,0.06,0.4969663197404681
A1979,0.15,0.5000202337433151
A1978,0.05,0.4922075796637917
A1977,0.65,0.4961417803654899
A518,0.08,0.4827383715923452
A519,0.83,0.49741698169867
A516,0.62,0.5044332610868482
A517,0.17,0.4983814213346583
A514,0.63,0.5005522565240302
A998,0.65,0.585956115063899
A1972,0.42,0.4965697685931234
A515,0.16,0.4914612966321266
A999,0.97,0.5121816700779956
A1971,0.23,0.4937435831310909
A512,0.84,0.4965303268147252
A996,0.14,0.4886918139039942
A1970,0.09,0.5000911704905592
A513,0.52,0.5032170626138417
A997,0.19,0.4481003310851492
A510,0.46,0.002982091907862
A994,0.68,0.5024025743871755
A1976,0.29,0.5000358576491677
A511,0.65,0.4995621966101391
A995,0.35,0.4643906695008273
A1975,0.69,0.579208635460036
A992,0.57,0.4896566989978522
A1974,0.85,0.501443881686038
A993,0.09,0.4881182296625991
A1973,0.63,0.503304857907182
A990,0.82,0.4890293069427556
A991,0.9,0.5257948592311387
A1969,0.63,0.5003350784552028
A1968,0.92,0.4980710927423639
A1967,0.24,0.5028690265966839
A1966,0.28,0.5029401768491043
A529,0.85,0.4994155161389123
A527,0.09,0.4859317073569296
A528,0.36,0.5017827131609846
A525,0.14,0.5018287388839897
A1961,0.56,0.4938249273363291
A526,0.17,0.4993047730028151
A1960,0.92,0.5012163936977017
A523,0.48,0.4329199016935609
A524,0.08,0.4979945637697558
A521,0.22,0.4980756566086531
A1965,0.13,0.5011491270845674
A522,0.29,0.4683734544736481
A1964,0.93,0.5276280947655922
A1963,0.54,0.6297073968201923
A520,0.85,0.5000005223212416
A1962,0.96,0.5071454913960552
A1914,0.4,0.5005968465014061
A1913,0.8,0.5000008159789401
A1912,0.79,0.4890134228139414
A1911,0.57,0.4998402632663155
A1918,0.24,0.4854774078698783
A1917,0.52,0.4964040978750527
A538,0.32,0.4970141798115826
A1916,0.46,0.4960250374050066
A539,0.04,0.4973382498416587
A1915,0.67,0.5234065694906118
A536,0.27,0.4940698193801009
A537,0.26,0.4980798232084699
A534,0.43,0.4988730980245441
A535,0.6,0.4980164641001786
A532,0.52,0.5015791602786288
A1910,0.75,0.5000071255277961
A533,0.71,0.4954642743792634
A530,0.89,0.4936858700381094
A531,0.57,0.5290840020522396
A1919,0.96,0.5136392610594082
A1903,0.33,0.4793121411784471
A1902,0.74,0.531062075053433
A1901,0.62,0.4996562443677871
A1900,0.91,0.5124224808115626
A1907,0.08,0.4751908071072942
A1906,0.37,0.4914417553567463
A549,0.7,0.5013285976298116
A1905,0.6,0.4906911873091027
A1904,0.52,0.5012055447935804
A547,0.8,0.4933750097616849
A548,0.3,0.4065448329604344
A545,0.35,0.4595200124977799
A546,0.68,0.4997237157654268
A543,0.11,0.5000582490950047
A544,0.68,0.500678445549718
A541,0.14,0.5001105036372377
A542,0.74,0.4984634536117776
A540,0.82,0.4996992193924546
A1909,0.78,0.5093287060852537
A1908,0.78,0.5495965489553577
A1936,0.91,0.5072738077263425
A1935,0.78,0.4967382693256438
A1934,0.21,0.5030129383905217
A1933,0.81,0.5007903378459825
A1939,0.61,0.5044994407066772
A1938,0.16,0.5002342252667248
A1937,0.38,0.5009334822754474
A558,0.56,0.5156485121311727
A559,0.99,0.504372089738959
A556,0.42,0.4820884407086485
A557,0.46,0.4998428372359401
A554,0.69,0.5017384716064323
A1932,0.64,0.4998401695084953
A555,0.61,0.5011023311558417
A1931,0.74,0.5009911540598269
A552,0.12,0.4901464133508483
A1930,0.94,0.5046134656090036
A553,0.7,0.4910029297953143
A550,0.44,0.4994933728863028
A551,0.74,0.5432345784768672
A1925,0.83,0.5074242177995093
A1924,0.67,0.4978259087841127
A1923,0.09,0.4926231012045889
A1922,0.89,0.5069363836204267
A1929,0.09,0.4957521516038108
A1928,0.7,0.5168160581925036
A1927,0.37,0.5030440387122483
A1926,0.94,0.5283770059575938
A569,0.7,0.4999561770821338
A567,0.92,0.4995433746560487
A568,0.52,0.5171858485690878
A565,0.8,0.4999400265445045
A1921,0.23,0.4982070093848015
A566,0.52,0.4944919407382324
A1920,0.89,0.5028292165405178
A563,0.03,0.4971291960103417
A564,0.43,0.4969925764302372
A561,0.67,0.4987437522619152
A562,0.85,0.5019208329688277
A560,0.36,0.4904901765610557
A578,0.16,0.4983383944542421
A579,0.07,0.4991340049644914
A576,0.45,0.5000627195020997
A577,0.94,0.5291861443736277
A574,0.9,0.4999245083695671
A575,0.7,0.4996808519789762
A572,0.35,0.4981813770402301
A573,0.08,0.447281553024404
A570,0.51,0.5000202387262714
A571,0.62,0.5379498590458779
A109,0.31,0.4763426843512771
A107,0.54,0.5016688619513123
A108,0.73,0.4978713026847969
A105,0.95,0.5039763920209918
A589,0.12,0.4969392235265582
A106,0.12,0.4719671618104894
A103,0.82,0.4999911831543868
A587,0.49,0.4932808431197903
A104,0.53,0.4998858359142876
A588,0.35,0.5001912598178175
A101,0.1,0.3884586894482856
A585,0.5,0.4989819581621041
A102,0.55,0.3962728874724408
A586,0.38,0.4880102974292347
A583,0.17,0.4942791089024704
A100,0.01,0.4999873798230105
A584,0.67,0.4601176172937807
A581,0.08,0.4890955553678142
A582,0.27,0.4976341880998263
A580,0.07,0.268982944574553
A10,0.72,0.5010934349309252
A11,0.03,0.4990558310464955
A12,0.9,0.5008674402769747
A13,0.66,0.5006843412087797
A14,0.81,0.5017008824773704
A15,0.37,0.4837436570430775
A16,0.16,0.49855448701993
A17,0.52,0.5000020117181454
A18,0.73,0.4966051595907306
A19,0.38,0.4970189382841868
A118,0.35,0.5095853924264658
A119,0.68,0.5035988031249452
A116,0.5,0.5
A117,0.47,0.4323084307233037
A114,0.46,0.5162949229217144
A598,0.85,0.5030396492553104
A115,0.3,0.4988191418698094
A599,0.27,0.4972680895871469
A112,0.43,0.4986380735473033
A596,0.82,0.5046319295491175
A113,0.17,0.4937984692771978
A597,0.14,0.4874885142717776
A110,0.06,0.5017421101019558
A594,0.48,0.4652083673208752
A111,0.46,0.515663746191116
A595,0.16,0.4991245895153859
A592,0.42,0.4954900138474008
A593,0.8,0.4987473071718499
A590,0.34,0.4979476501151651
A591,0.96,0.5013900398689751
A20,0.87,0.5066930473417446
A21,0.24,0.4761959608005778
A22,0.75,0.5008508916910748
A23,0.28,0.4802729678950397
A24,0.68,0.4978880432515083
A25,0.4,0.3485595787286712
A26,0.38,0.5068793790955721
A27,0.41,0.4225958106201217
A28,1.0,0.5000756978645565
A29,0.79,0.4764111108898193
A129,0.55,0.4968517723867953
A127,0.51,0.499709255056794
A128,0.42,0.3552183786934489
A125,0.89,0.4999540592498858
A126,0.56,0.4896500388853438
A123,0.61,0.4966721086457329
A124,0.01,0.4995408545921997
A121,0.4,0.4992786742797592
A122,0.45,0.5015787140682201
A120,0.82,0.512154699404989
A30,0.05,0.4985198108300452
A31,0.72,0.4998361169131792
A32,0.37,0.4946541459992071
A33,0.93,0.5368302106103124
A34,0.87,0.5055577714923143
A35,0.11,0.4993731814520454
A36,0.43,0.5015697711444363
A37,0.47,0.4850890047986528
A38,0.41,0.4965985062173456
A39,0.23,0.4954527957104018
A138,0.05,0.4388009988622028
A1078,0.75,0.5113565367549315
A139,0.14,0.4932331226450909
A1079,0.57,0.4871122807810709
A136,0.12,0.4968800547497118
A137,0.57,0.4966780133102684
A134,0.15,0.5028749972535346
A135,0.42,0.500009360962301
A132,0.4,0.3529913221097742
A1083,0.28,0.4890864024202153
A133,0.42,0.4677536341521882
A1084,0.37,0.505900901146637
A130,0.73,0.5060382741376437
A1081,0.77,0.6889351782175684
A131,0.66,0.4911463530453729
A1082,0.68,0.5287265622970109
A1087,0.26,0.4971454317571231
A1088,0.41,0.4856902008814499
A1085,0.48,0.484061086659765
A1086,0.99,0.5152395236649412
A40,0.69,0.5001922177221569
A41,0.31,0.501581085336224
A1080,0.98,0.5015073655208905
A42,0.86,0.5529140226753799
A43,0.25,0.455481299846384
A44,0.56,0.5092285211701135
A45,0.32,0.4788852523662517
A46,0.55,0.4854188305054953
A47,0.8,0.5515587606234742
A48,0.59,0.5140317396484466
A49,0.03,0.5013851645966245
A1069,0.3,0.4823720765028194
A149,0.53,0.4995567862486619
A1067,0.95,0.5024337853477685
A2399,0.92,0.5052513141706303
A1068,0.26,0.4999995104405714
A2398,0.64,0.4989816749527296
A147,0.45,0.5031468332438938
A148,0.79,0.4998786752344379
A145,0.59,0.4584008351661755
A146,0.34,0.5000592362753868
A143,0.28,0.4095389638885028
A1072,0.39,0.4985029409512677
A144,0.89,0.5323672757141541
A1073,0.01,0.498079551648872
A141,0.05,0.4974201549239571
A1070,0.13,0.4902425728690417
A142,0.97,0.5298101360446905
A1071,0.2,0.4499717197859432
A1076,0.84,0.50334669785498
A140,0.95,0.5125685225638027
A1077,0.09,0.4974392065813021
A1074,0.1,0.493458877644659
A1075,0.22,0.4808216696041803
A50,0.31,0.503861626092536
A51,0.8,0.5103888461945278
A52,0.57,0.49726228916812
A53,0.92,0.5030394132120901
A54,0.01,0.4990779801252271
A55,0.78,0.5012716175728263
A56,0.82,0.5477528533717899
A57,0.74,0.503589219922132
A58,0.02,0.4852445234963666
A59,0.19,0.509182852032466
A158,0.91,0.5076375261072607
A159,0.16,0.4939429562704803
A156,0.02,0.4853947230829458
A157,0.49,0.4993907443523794
A154,1.0,0.5039558070614522
A155,0.49,0.4726387843750073
A152,0.63,0.4923678315128426
A153,0.13,0.5023446725737957
A150,0.7,0.4784627784803256
A151,0.58,0.4999846956112941
A60,0.08,0.5024773790251021
A61,0.88,0.5032540421823294
A62,0.67,0.5015866144315663
A63,0.08,0.4425425192937081
A64,0.35,0.5372079978172617
A65,0.03,0.4994661131857546
A66,0.08,0.4493603733950231
A67,0.45,0.5160879899931595
A68,0.58,0.5034872049276865
A69,0.87,0.5058646747057627
A1089,0.47,0.473667883485678
A169,0.87,0.5013735591389186
A167,0.03,0.483590875221684
A168,0.36,0.4986646914636355
A165,0.74,0.4974836393067811
A1094,0.45,0.504650955992884
A166,0.1,0.4757275331861351
A1095,0.9,0.496755553459856
A163,0.25,0.534251242156468
A1092,0.94,0.5035823450017041
A164,0.75,0.52214723277857
A1093,0.71,0.5010898403487825
A161,0.55,0.496954030645582
A1098,0.32,0.4984043917133276
A162,0.43,0.4644373670401807
A1099,0.97,0.5040953336131786
A1096,0.28,0.5159712699324942
A160,0.66,0.4252881570772469
A1097,0.51,0.5037321829901928
A70,0.25,0.4977219303183897
A71,0.91,0.5027428847563548
A72,0.08,0.4870196115319153
A73,0.7,0.505283428503753
A1090,0.54,0.5006565181367421
A74,0.8,0.5025606627940651
A1091,0.04,0.4996893856210722
A75,0.14,0.4999634341241016
A76,0.6,0.5076701801482503
A77,0.13,0.5001069138448976
A78,0.71,0.5015646516683713
A79,1.0,0.508143668378794
A1036,0.97,0.5136860072295089
A2368,0.76,0.5062218064304776
A1037,0.7,0.5103789907327181
A2367,0.35,0.4994128774563487
A1034,0.4,0.5115586967211224
A2366,0.22,0.553250653295525
A1035,0.79,0.514216923865021
A2365,0.06,0.4713680288410158
A178,0.09,0.4928724181536436
A1038,0.41,0.499999755774768
A179,0.52,0.499786453830847
A1039,0.25,0.4905530715315601
A2369,0.08,0.4983243023434326
A176,0.35,0.4612606840310054
A2371,0.7,0.4905352378739687
A177,0.71,0.5210697025798282
A1040,0.57,0.5039281232044583
A2370,0.17,0.5013209189551368
A174,0.67,0.5210855798571584
A175,0.83,0.5015398414517186
A172,0.15,0.5000067299054028
A1043,0.89,0.4980207023538257
A2375,0.28,0.5156640896467086
A173,0.58,0.5004697939419503
A1044,0.4,0.4967310573756537
A2374,0.57,0.4993326770982425
A170,0.71,0.5000036792740873
A1041,0.23,0.4966224543146094
A2373,0.47,0.5013048861476401
A171,0.98,0.5008084216777524
A1042,0.98,0.5002241580846589
A2372,0.48,0.43589043593416
A80,0.39,0.4961405693493299
A81,0.85,0.5000002825768358
A82,0.06,0.470164915926597
A83,0.5,0.4932574561550008
A84,0.6,0.5010623907568496
A85,0.65,0.4878792559419059
A86,0.27,0.4996599261757064
A87,0.17,0.500184888859035
A88,0.36,0.5005241860152172
A89,0.66,0.4972673666545956
A1025,0.6,0.6483027004028746
A2357,0.52,0.5248086294354605
A1026,0.49,0.4984036002723198
A2356,0.45,0.5010370956568242
A1023,0.53,0.5006209290625852
A2355,0.94,0.5019696624102615
A1024,0.24,0.5003684224324247
A2354,0.13,0.4898949867427028
A1029,0.76,0.49995670914656
A189,0.14,0.4934831345997648
A1027,0.3,0.4526682657773244
A2359,0.65,0.5016365924106128
A1028,0.25,0.5062808225913842
A2358,0.25,0.4780424258360695
A187,0.36,0.4898512621662891
A2360,0.77,0.5119588212470223
A188,0.54,0.4946868904883572
A185,0.91,0.5574641518186948
A186,0.32,0.4625861505599302
A183,0.16,0.5000245988599044
A1032,0.67,0.499318182313334
A2364,0.34,0.4845219530944383
A184,0.0,0.9937050924131268
A1033,0.87,0.5026791205875248
A2363,0.33,0.5000549678196773
A181,0.45,0.5045912098894475
A1030,0.49,0.4592836017112471
A2362,1.0,0.5653507045803745
A90,0.06,0.4947373545389156
A182,0.4,0.500803950287529
A1031,0.5,0.4725713924261934
A2361,0.43,0.4949950643085005
A91,0.54,0.5001529560187117
A92,0.17,0.4866032539421298
A180,0.46,0.4928568154137098
A93,0.36,0.5225691806540091
A94,0.47,0.46623622818518
A95,0.54,0.4966487320806064
A96,0.5,0.5
A97,0.98,0.5044541339432775
A98,0.83,0.4999141667136051
A99,0.72,0.5427741567704486
A1058,0.47,0.501147394022154
A1059,0.51,0.4151330488535135
A2389,0.71,0.4988921623198709
A1056,0.54,0.4953815627686611
A2388,0.52,0.4982970923450656
A1057,0.25,0.4986194738580261
A2387,0.05,0.4860994360790386
A198,0.31,0.4995626815185715
A1061,0.89,0.4970735035478485
A2393,0.57,0.4998038099733916
A199,0.49,0.492662248548279
A1062,1.0,0.5186467993019472
A2392,0.65,0.4608197379098712
A196,0.44,0.5000060221438407
A2391,0.4,0.4297265522813084
A197,0.52,0.4938748366638532
A1060,0.56,0.4940282840878406
A2390,0.43,0.493351440935536
A194,0.33,0.5021067473006702
A1065,0.76,0.4990948082293556
A2397,0.12,0.5020395300201597
A195,0.2,0.4762687479911432
A1066,0.43,0.6076213637292062
A2396,0.77,0.5026401469551727
A192,0.36,0.4999914472825534
A1063,0.75,0.5006089268486484
A2395,0.36,0.4980783670294686
A193,0.12,0.5000217598315135
A1064,0.73,0.5058493387159131
A2394,0.52,0.4713040460131086
A190,0.08,0.5012025184142535
A191,0.82,0.5051015736204595
A1047,0.94,0.5000170832740213
A2379,0.54,0.5011512162520679
A1048,0.51,0.5033950802091607
A2378,0.1,0.4867450796913063
A1045,0.29,0.5007169555935538
A2377,0.95,0.5205708705447052
A1046,0.57,0.5644648695352291
A2376,0.59,0.5149256447874843
A1049,0.07,0.4697500893306924
A1050,0.17,0.4940897102907129
A2382,0.08,0.4706849668434432
A1051,0.67,0.5113204943824059
A2381,0.32,0.5008549788173805
A2380,0.42,0.4994477499023654
A1054,0.4,0.5508680129686736
A2386,0.69,0.4812221687527374
A1055,0.81,0.4999253983352946
A2385,0.74,0.5001961815423452
A1052,0.15,0.4984154387888413
A2384,0.81,0.5471320318035717
A1053,0.78,0.4596947953316073
A2383,0.56,0.5005541490737472
A2329,0.77,0.5003951686615599
A1477,0.06,0.4984870259903279
A2324,0.15,0.4989205796681648
A1476,0.6,0.4998771793332842
A2323,0.12,0.4985903491725678
A1475,0.79,0.5225430036662035
A2322,0.01,0.5002165619710012
A1474,0.02,0.48365120267076
A2321,0.25,0.5004612751513613
A2328,0.26,0.4970840952008534
A2327,0.29,0.5006537620306205
A1479,0.79,0.4969532810561252
A2326,0.24,0.5038582170176015
A1478,0.89,0.4989828170138045
A2325,0.64,0.5028880435515355
A1480,0.4,0.5067195713209387
A1484,0.73,0.5009133548312188
A2331,0.97,0.5004760938174416
A1000,0.83,0.4985478933158368
A1483,0.66,0.4997040892093863
A2330,0.11,0.4905987272141994
A1482,0.78,0.5105201010520035
A1481,0.36,0.4999881424688546
A2319,0.55,0.4961630457906278
A2318,0.4,0.4628478703784325
A1466,0.3,0.5000460458271554
A2313,0.89,0.514482600852178
A1465,0.47,0.499620279996847
A2312,0.28,0.5008229845903293
A1464,0.77,0.4424109095226388
A2311,0.75,0.5116067170392451
A1463,0.53,0.5137066633274797
A2310,0.08,0.5000023606285656
A2317,0.09,0.500302094110705
A1469,0.33,0.5014250818615303
A2316,0.02,0.492506378395701
A1468,0.27,0.4862223006994137
A2315,0.3,0.5739499150965937
A1467,0.53,0.5632437577652349
A2314,0.3,0.4968099049764283
A1473,0.33,0.4995015026347192
A2320,0.44,0.4309832527517221
A1472,0.48,0.5033317949423304
A1471,0.06,0.4927505606775161
A1470,0.6,0.484848888759395
A1014,0.91,0.5027730385892458
A1499,0.44,0.4979751040485633
A2346,0.41,0.5526783331847072
A1015,0.51,0.4971148328714567
A1498,0.79,0.5466567050742307
A2345,0.45,0.51217893492549
A1012,0.01,0.495718295482561
A1497,0.36,0.4991508834929936
A2344,0.49,0.4981432625746179
A1013,0.86,0.5043803870464567
A1496,0.43,0.5537079254653577
A2343,0.07,0.4934809225553967
A1018,0.6,0.4976908677861893
A1019,0.29,0.457383055115361
A2349,0.65,0.4998868478220628
A1016,0.87,0.4996269760067945
A2348,0.12,0.4748553743417535
A1017,0.99,0.4999959771564558
A2347,0.94,0.5073127351127313
A1021,1.0,0.5628974428341753
A2353,0.57,0.5054571813870529
A1022,0.38,0.4985422168014552
A2352,0.69,0.5002861043815211
A2351,0.69,0.4987161373581061
A1020,0.98,0.5038964528871287
A2350,0.14,0.4767010493990913
A1009,0.9,0.4889617748503124
A1003,0.73,0.5002545310019356
A1488,0.78,0.524788867603571
A2335,0.04,0.500010517091339
A1004,0.64,0.4974048452903827
A1487,0.32,0.494415396102737
A2334,0.64,0.5058716873284009
A1001,0.64,0.4903158306404691
A1486,0.34,0.4798124777954415
A2333,0.38,0.5082794759804629
A1002,0.96,0.530967379839546
A1485,0.65,0.5063360343797666
A2332,0.98,0.5593865726096752
A1007,0.33,0.4979447031856268
A2339,0.67,0.496226717377118
A1008,0.06,0.4934327555011206
A2338,0.75,0.5039017450771516
A1005,0.97,0.4935115882281431
A2337,0.21,0.5020159199281844
A1006,0.46,0.5000026022569333
A1489,0.33,0.49997537381216
A2336,0.74,0.5119181014656036
A1491,0.14,0.4970072726499074
A1490,0.89,0.5027769638367412
A1010,0.69,0.4984779520185477
A1495,0.03,0.49409468501435
A2342,0.2,0.4945698131839508
A1011,0.47,0.497151212689407
A1494,0.05,0.4854466117027834
A2341,0.65,0.5396672244072348
A1493,0.04,0.4927844927770408
A2340,0.02,0.4986332669518894
A1492,0.51,0.4706359194684233
A2529,0.93,0.6158658769871916
A2528,0.63,0.5058223982135908
A2527,0.23,0.496833366632301
A1675,0.72,0.5088398716885699
A2522,0.24,0.476688363574223
A1674,0.87,0.4962911558255823
A2521,0.25,0.4997290126243803
A1673,0.76,0.5387070039251746
A2520,0.82,0.5000272529449059
A1672,0.14,0.5012620516487064
A1679,0.97,0.528970711843698
A2526,0.58,0.499802560986426
A1678,0.4,0.4651427880666043
A2525,0.02,0.4971998297538652
A1677,0.44,0.4972049254667599
A2524,0.47,0.5276778979171848
A1676,0.72,0.4957012897775362
A2523,0.81,0.5000233284107953
A1682,0.4,0.5038054912953703
A1681,0.92,0.5135506770538529
A1680,0.7,0.5043830971743379
A2519,0.76,0.5012482141364429
A2518,0.48,0.4967578490605737
A2517,0.23,0.4910388456786339
A1669,0.9,0.7261103205475643
A2516,0.49,0.5033199279226114
A1664,0.36,0.4988599097275009
A2511,0.79,0.5118270329930249
A1663,0.95,0.4993453341221776
A2510,0.29,0.5081129587822129
A1662,0.61,0.4992683597578964
A1661,0.65,0.4979171066052436
A1668,0.75,0.4967111284754087
A2515,0.84,0.4901692641876466
A1667,0.38,0.5007979689288569
A2514,0.5,0.5083175421479209
A1666,0.1,0.4432966649025943
A2513,0.61,0.5315184667264293
A1665,0.5,0.4841481107176336
A2512,0.09,0.5001959596702733
A1671,0.61,0.4997344329730433
A1670,0.18,0.5006897108725746
A1218,0.75,0.4975152149666876
A1219,0.85,0.501333431489296
A2549,0.87,0.525243129992454
A1212,0.06,0.5001886929657192
A1697,0.19,0.4980714986154304
A2544,0.09,0.4964071385398061
A1213,0.74,0.6087946932847829
A1696,0.32,0.4953754648305698
A2543,0.39,0.4998326990910637
A1210,0.14,0.4991169255863713
A1695,0.33,0.5048649698459355
A2542,0.58,0.5037935633050035
A1211,0.68,0.5431847916956916
A1694,0.9,0.4994820636198062
A2541,0.51,0.5093920874723303
A1216,0.73,0.5014404894599602
A2548,0.16,0.5010326040472374
A1217,0.07,0.502276109343513
A2547,0.36,0.4960393917023938
A1214,0.51,0.5010027553829388
A1699,0.84,0.4982762188718523
A2546,0.24,0.498900817179689
A1215,0.32,0.4793963620195942
A1698,0.07,0.5024207717531118
A2545,0.63,0.5768461890234979
A2551,0.75,0.4973477682992789
A1220,0.48,0.5000004471293767
A2550,0.06,0.5000832013859814
A1209,0.08,0.4993149470447978
A1207,0.77,0.4960324299425718
A2539,0.3,0.502437513664409
A1208,0.82,0.5489975194230279
A2538,0.78,0.4996937247209184
A1201,0.95,0.5130043366575208
A1686,0.6,0.5051016655658074
A2533,0.7,0.4969183115951501
A1202,0.67,0.5218352785317166
A1685,0.16,0.4995771626476657
A2532,0.4,0.4836119015993114
A1684,0.26,0.495519549950315
A2531,0.25,0.5007943052205114
A1200,0.79,0.5183247660021344
A1683,0.36,0.5023080284769594
A2530,0.83,0.5053497454056314
A1205,0.45,0.4904552197204518
A2537,0.2,0.4615812993496923
A1206,0.12,0.5000046436967183
A1689,0.8,0.4900648956041055
A2536,0.76,0.5056147331143579
A1203,0.97,0.5002066957579603
A1688,0.37,0.4861980256343873
A2535,0.98,0.5152685024347446
A1204,0.55,0.4952652423768304
A1687,0.69,0.5003963967598934
A2534,0.64,0.496561426702352
A1693,0.18,0.4757180397950729
A2540,0.63,0.540558791729964
A1692,0.39,0.5148942730568917
A1691,0.39,0.5057507996948679
A1690,0.38,0.5235648862601617
A1639,0.42,0.4912161389704259
A1638,0.02,0.4846625013249423
A1637,0.57,0.5007277595676694
A1636,0.5,0.498827636156809
A1631,0.35,0.4994903005773629
A1630,0.07,0.4959438038200335
A1635,0.9,0.5027956375001145
A1634,0.17,0.4932670070778751
A1633,0.16,0.4986242123743395
A1632,0.86,0.5132535103940987
A1628,0.55,0.501175305746852
A1627,0.69,0.4955232329872218
A1626,0.69,0.4996829998423666
A1625,0.17,0.4871654348647741
A1629,0.49,0.4687841491962157
A1620,0.22,0.488709055572551
A1624,0.85,0.4999964340692746
A1623,0.52,0.501615971947502
A1622,0.23,0.4948255501327229
A1621,0.2,0.5256358899178218
A2508,0.57,0.4992753384223096
A2507,0.14,0.5140370046744517
A1659,0.44,0.5027634161800132
A2506,0.27,0.501304416616044
A1658,0.0,0.755971061067187
A2505,0.42,0.5026959426555025
A2509,0.89,0.502185446466613
A1653,0.37,0.5002348536401368
A2500,0.93,0.5266507753770272
A1652,0.06,0.4723736820790231
A1651,0.82,0.5136942140731251
A1650,0.19,0.4935876857185993
A1657,0.63,0.5097670705622775
A2504,0.63,0.5176036753105605
A1656,0.26,0.4988159398280852
A2503,0.26,0.4986639938806684
A1655,0.12,0.5004553629923191
A2502,0.73,0.520332256371569
A1654,0.52,0.4990435848212893
A2501,0.07,0.4869647796518068
A1660,0.69,0.4956080529561154
A1649,0.06,0.4991247819122851
A608,0.53,0.5026958006169645
A1648,0.08,0.4974943697440385
A609,0.84,0.500078984491342
A1647,0.21,0.5067985372384867
A606,0.87,0.4987426991921648
A607,0.54,0.4858644893803381
A604,0.54,0.5176902289423136
A605,0.05,0.4765551635282029
A602,0.83,0.5242886122429076
A1642,0.98,0.5002740464007098
A603,0.42,0.4643271720764377
A1641,0.21,0.494920057861391
A600,0.6,0.4984507304479346
A1640,0.88,0.5239170507832765
A601,0.9,0.503382999930709
A1646,0.76,0.5055401182768371
A1645,0.08,0.4938257075679308
A1644,0.52,0.5031306259865957
A1643,0.38,0.5046983222856426
A619,0.26,0.5007760407107381
A617,0.28,0.4998509888503429
A618,0.54,0.5147682753817887
A615,0.44,0.5004434451326495
A616,0.9,0.5128904201409618
A613,0.11,0.5001950982006462
A614,0.53,0.5179278040950915
A611,0.47,0.4395562976593441
A612,0.65,0.4780262917076957
A610,0.17,0.5020100495562212
A628,0.67,0.5006954366920722
A629,0.24,0.5001099038570757
A626,0.61,0.4806684341798042
A627,0.84,0.4991676133480697
A624,0.4,0.5034442360392086
A625,0.95,0.6118425393090753
A622,0.37,0.4953044503857415
A623,0.01,0.4982411671977649
A620,0.93,0.5539565922199533
A621,0.2,0.5000352909512504
A1617,0.59,0.5015145970768128
A1616,0.8,0.499366915520754
A1615,0.79,0.4984744695765147
A1614,0.11,0.4982664638127733
A639,0.67,0.5023290907804242
A637,0.05,0.4988352810324804
A1619,0.48,0.4819399744825478
A638,0.9,0.4998753839292427
A1618,0.63,0.4887340024964108
A635,0.72,0.5047115596095336
A636,0.92,0.6149482368394303
A633,0.86,0.5550009289139048
A634,0.6,0.5149218883140224
A631,0.86,0.501300305696689
A1613,0.55,0.5032012720506436
A632,0.74,0.4991759318284099
A1612,0.07,0.4969493696557541
A1611,0.96,0.5008870188301707
A630,0.72,0.5187958223014489
A1610,0.3,0.4896882266570928
A1606,0.95,0.5298441320796244
A1605,0.31,0.5042358010335825
A1604,0.31,0.4805056815338898
A1603,0.22,0.4978683657270961
A1609,0.78,0.4729940717150341
A648,0.78,0.5109262332485252
A1608,0.18,0.4997905377610436
A649,0.55,0.4959185071899138
A1607,0.31,0.4991330549109178
A646,0.08,0.4870648710483919
A647,0.56,0.5173903425861517
A644,0.06,0.4796376114437888
A645,0.51,0.4880980553660407
A642,0.97,0.5280495607788531
A1602,0.16,0.5022129841549735
A643,0.19,0.5012015113774345
A1601,0.47,0.5260382599259139
A640,0.18,0.4982533235688927
A1600,0.55,0.4948177012376119
A641,0.05,0.4931123927810722
A659,0.14,0.4987340664699718
A657,0.7,0.5116125995101455
A658,0.06,0.4968369002293123
A655,0.97,0.5128631060217628
A656,0.83,0.4991906070978247
A653,0.74,0.5059319737662998
A654,0.2,0.5001091853538495
A651,0.61,0.5046895824847886
A652,0.36,0.502340397042061
A650,0.57,0.4949850328936155
A668,0.51,0.4974888871339317
A669,0.4,0.4946434575734782
A666,0.62,0.4991174392245658
A667,0.47,0.4970270636725015
A664,0.43,0.4999086985113377
A665,0.96,0.498129838144588
A662,0.15,0.5011859488938508
A663,0.1,0.4930373511920277
A660,0.79,0.5013331489648911
A661,0.7,0.5000000024965576
A679,0.63,0.499293056361777
A677,0.59,0.4995656900795229
A678,0.08,0.5010228258513962
A675,0.37,0.4975978375257995
A676,0.52,0.5027243323240118
A673,0.11,0.4969387475501617
A674,0.46,0.4847412729722621
A671,0.12,0.4782728254514403
A672,0.97,0.5087692034969736
A670,0.14,0.4943595627971873
A208,1.0,0.5368592755803285
A209,0.1,0.4749929653583605
A206,0.61,0.4999988506776003
A207,0.73,0.483919464963878
A204,0.01,0.4844413950203612
A688,0.93,0.4991175729806721
A205,0.39,0.5000355820697491
A689,0.08,0.4901174050777291
A202,0.74,0.5006745843242775
A686,0.28,0.4801149140220367
A203,0.24,0.4787189854001195
A687,0.16,0.4757911665146309
A200,0.66,0.4972264846382063
A684,0.56,0.4980727141850675
A201,0.49,0.4966587975928729
A685,0.73,0.5213104893474924
A682,0.4,0.5091905089907343
A683,0.26,0.5018761048040316
A680,0.01,0.4824533784133342
A681,0.06,0.3851783661685823
A219,0.93,0.5018388819974532
A217,0.92,0.5062649541765485
A218,0.96,0.5175006927366107
A215,0.04,0.494128302565942
A699,0.39,0.5036490585587444
A216,0.96,0.5530041725972803
A213,0.87,0.5010025789782714
A697,0.95,0.5004094824033838
A214,0.4,0.501261861966428
A698,0.05,0.4410983089456656
A211,0.53,0.4914103247127263
A695,0.68,0.4834764201636601
A212,0.6,0.501021778312258
A696,0.23,0.498942853258464
A693,0.53,0.4866649857616653
A2096,0.42,0.5020900824562233
A210,0.92,0.5016516135526135
A694,0.84,0.526201399761635
A2095,0.98,0.5119405238908119
A691,0.13,0.4857323847338253
A2094,0.48,0.5018878689448789
A692,0.28,0.4541439843240254
A2093,0.55,0.5009589809234852
A690,0.71,0.4968825082039754
A2099,0.95,0.5000215951665159
A2098,0.83,0.5107603397050652
A2097,0.83,0.5028243548845367
A2092,0.99,0.5001506851288297
A2091,1.0,0.5000637453950603
A2090,0.76,0.5224183454105407
A228,0.51,0.4986261339943061
A229,0.02,0.4830397122445829
A226,0.63,0.4995280064585125
A227,0.63,0.5181736798978309
A2079,0.33,0.4961894082780824
A224,0.17,0.4453266347683353
A225,0.28,0.4997670155797075
A222,0.36,0.5013773844603213
A223,0.46,0.4658126082078025
A220,0.34,0.4912547670175108
A2085,0.23,0.499885454888737
A221,0.7,0.5036116545095435
A2084,0.25,0.4982227084675812
A2083,0.32,0.4999285156585973
A2082,0.17,0.5019360703728896
A2089,0.03,0.5004595086124245
A2088,0.94,0.6156977779597447
A2087,0.03,0.5005016806339504
A2086,0.77,0.5219711252158861
A2081,0.88,0.4999194407892178
A2080,0.63,0.4583388035211376
A239,0.05,0.5018798187840119
A237,0.69,0.5079005227834139
A238,0.23,0.4977509279195827
A235,0.3,0.5011170005831009
A236,0.08,0.493169689082449
A233,0.24,0.4958909352324275
A234,0.98,0.4998706516197682
A231,0.06,0.500305052358324
A232,0.01,0.5004134676580976
A230,0.4,0.5154031083839595
A248,0.72,0.505594291204344
A249,0.91,0.507290739018278
A246,0.03,0.4863857032615188
A247,0.63,0.4970186776367425
A244,0.37,0.4944485979052274
A245,0.25,0.4942509734834083
A242,0.5,0.5011000470688076
A243,0.23,0.4979725197760082
A240,0.21,0.5003224689355871
A241,0.41,0.5026263010935371
A2049,0.32,0.5005722265883891
A2048,0.09,0.5009734925231357
A259,0.11,0.500874883084456
A1199,0.71,0.5002010577220609
A2047,0.14,0.5030870944455149
A2046,0.56,0.5136694199875808
A257,0.66,0.4988302488198491
A258,0.46,0.4920481710429112
A255,0.6,0.5004365834451168
A256,0.35,0.498012136131386
A253,0.97,0.5071956925786915
A2052,0.86,0.5065750274817219
A254,0.04,0.444300146820093
A2051,0.32,0.4935129721282348
A251,0.07,0.4918846678157719
A2050,0.92,0.4993889532488711
A252,0.36,0.5029526275282733
A2056,0.37,0.5059828603409435
A250,0.86,0.4995523224249894
A2055,0.25,0.4967857686152757
A2054,0.56,0.5000863310029048
A2053,0.85,0.5106915684421656
A2038,0.69,0.497841746109482
A2037,0.24,0.4994717947242995
A1188,0.98,0.5032890729881253
A2036,0.94,0.5000154543024904
A1189,0.07,0.4923624585147444
A2035,0.15,0.5006994906158647
A268,0.16,0.5002050089427287
A269,0.23,0.4992351154944319
A266,0.58,0.49680610322607
A267,0.04,0.4930930298847123
A2039,0.71,0.5053613241526246
A264,0.98,0.5009629303241279
A1193,0.34,0.4666057994761383
A2041,0.06,0.4942714120713401
A265,0.24,0.4573310174490112
A1194,0.86,0.5262070301915797
A2040,0.34,0.5223545417627323
A262,0.86,0.5005343468391623
A1191,0.89,0.5600900434880278
A263,0.51,0.5000395229830735
A1192,0.55,0.5139674882454285
A260,0.25,0.4970755329822344
A1197,0.22,0.5129017236079603
A2045,0.58,0.5042855861271474
A261,0.67,0.4905802456510138
A1198,0.18,0.5018026923972371
A2044,0.75,0.5467525193747915
A1195,0.86,0.5010797792053768
A2043,0.23,0.5038300495527388
A1196,0.38,0.5123084735252579
A2042,0.69,0.5038761966329458
A1190,0.21,0.4874318474951697
A2069,0.31,0.5045909463155563
A2068,0.39,0.5238046481556141
A279,0.93,0.5139602767661982
A277,0.93,0.4997089696023528
A278,0.76,0.5056186564181541
A275,0.79,0.4969269873463913
A2074,0.84,0.5015719235951113
A276,0.11,0.50000218053346
A2073,0.06,0.4459292640731264
A273,0.78,0.5028290425112781
A2072,0.93,0.5075940736242087
A274,0.83,0.4996084805722592
A2071,0.26,0.5107749322856859
A271,0.77,0.500554920808523
A2078,0.18,0.4982121418358556
A272,0.26,0.5051225029173189
A2077,0.75,0.5000017752423938
A2076,0.1,0.4999961882813711
A270,0.82,0.5152813519787713
A2075,0.19,0.4983029903779062
A2070,0.37,0.4789361769917476
A2059,0.13,0.4936003844719386
A2058,0.56,0.507454342605394
A2057,0.26,0.5000803839948998
A288,0.21,0.4944276967893938
A289,0.59,0.5003442585187962
A286,1.0,0.5000008926931119
A2063,0.92,0.4997754328365844
A287,0.34,0.509760280361016
A2062,0.23,0.5038006197085318
A284,0.66,0.4993918501206692
A2061,0.18,0.4969829615324412
A285,0.11,0.4709626282243878
A2060,0.26,0.4826824850443377
A282,0.95,0.5031912669391009
A2067,0.11,0.5049930739737121
A283,0.8,0.4984730767792587
A2066,0.26,0.4998343264326499
A280,0.24,0.5003293617895577
A2065,0.85,0.548389373555739
A281,0.91,0.5002216158865623
A2064,0.39,0.5005947323916046
A1157,0.6,0.5163017254739599
A2005,0.99,0.5165175657908974
A2489,0.79,0.5394767155764246
A1158,0.74,0.5000139108083137
A2004,0.92,0.5004817947666527
A2488,0.43,0.5255567096406099
A1155,0.43,0.5000803333536653
A2003,0.35,0.499338779336486
A2487,0.21,0.4682300903558892
A1156,1.0,0.5311609531552105
A2002,0.74,0.5074524878300789
A2486,0.25,0.4548853018055864
A2009,0.88,0.500055633599587
A2008,0.35,0.4802012193069079
A299,0.37,0.5055149294603248
A1159,0.5,0.5
A2007,0.73,0.5027273674900744
A2006,0.85,0.5064957119760178
A297,0.2,0.4789827038193709
A1160,0.56,0.5032066490477349
A2492,0.2,0.39286493065994
A298,0.27,0.4900836208069994
A1161,0.7,0.5003446913300688
A2491,0.1,0.4940023840298347
A295,0.57,0.4971697195956694
A2490,0.9,0.5066867212229555
A296,0.88,0.5005389004308161
A293,0.81,0.522832813069383
A1164,0.25,0.4888205013459992
A2012,0.12,0.4702024233238746
A2496,0.27,0.4996249399577038
A294,0.4,0.4999430312319431
A1165,0.19,0.4876372696920683
A2011,0.72,0.4978472129722285
A2495,0.12,0.499184643019741
A291,0.86,0.4917195756143558
A1162,0.65,0.494903978417691
A2010,0.23,0.4986680201407694
A2494,0.44,0.5097124371422308
A292,0.96,0.4993496774909179
A1163,0.62,0.5124379891530252
A2493,0.29,0.4913083074901015
A290,0.4,0.4807313765101991
A1146,0.33,0.5091052639960245
A2478,0.62,0.536267410282325
A1147,0.75,0.509541204848999
A2477,0.26,0.4936995449876649
A1144,0.2,0.5061193912073042
A2476,0.85,0.511693443228114
A1145,0.75,0.5236948213694561
A2475,0.25,0.4621634592784732
A1148,0.07,0.4936929187204547
A1149,0.43,0.4973914199299732
A2479,0.23,0.4986785649320571
A2481,0.72,0.5020814224652509
A1150,0.26,0.5216791675984248
A2480,0.72,0.4985666911548643
A1153,0.87,0.5269887724601124
A2001,0.25,0.4956355585476593
A2485,0.62,0.536142477190446
A1154,0.48,0.5563071620893405
A2000,0.2,0.5016143219292872
A2484,0.52,0.5323735546452852
A1151,0.99,0.523045094083113
A2483,0.7,0.5055197027148071
A1152,0.92,0.5004548977227333
A2482,0.48,0.4848045547051822
A1179,0.33,0.4952374693230597
A2027,0.29,0.499466295431788
A2026,0.07,0.4720188410477189
A1177,0.89,0.5053347721078176
A2025,0.7,0.4677906873819286
A1178,0.48,0.5002533575500249
A2024,0.17,0.4973068270781572
A2029,0.78,0.5059556228835844
A2028,0.01,0.4958045569470906
A1182,0.17,0.4988471992370547
A2030,0.18,0.5100662620152895
A1183,0.32,0.5014000233033715
A1180,0.99,0.5007970352609182
A1181,0.15,0.4941731781795116
A1186,0.91,0.5295839795010414
A2034,0.67,0.5004822028865248
A1187,0.7,0.4933012914199753
A2033,0.78,0.5126661036715134
A1184,0.55,0.4971302609953948
A2032,0.68,0.4926432204086085
A1185,0.04,0.4852630706129247
A2031,0.25,0.5036327942216298
A1168,0.49,0.4933070150220415
A2016,0.66,0.494967550678918
A1169,0.08,0.4997038147632452
A2015,0.92,0.5034399922983264
A2499,0.86,0.5126407127186584
A1166,0.54,0.4999831367542313
A2014,0.99,0.5068644974300416
A2498,0.01,0.500136725356063
A1167,0.03,0.4919988396058553
A2013,0.41,0.54582466894883
A2497,0.13,0.4886740046841433
A2019,0.3,0.5042174022044752
A2018,0.23,0.4943976136485687
A2017,0.99,0.5004736713857075
A1171,0.35,0.4908063596005274
A1172,0.99,0.5024220938370166
A1170,0.22,0.4511543395013291
A1175,0.17,0.4877258956190576
A2023,0.77,0.5021276193196725
A1176,0.92,0.4998538807661077
A2022,0.28,0.4901243319245536
A1173,0.21,0.5016050725063085
A2021,0.02,0.4853640766809667
A1174,0.44,0.4979967330044617
A2020,0.87,0.5032881382654628
A1119,0.67,0.49984199909387
A1113,0.99,0.5074023947515084
A1598,0.99,0.5008225639859658
A2445,0.7,0.5032569386597096
A1114,0.74,0.4960703105972476
A1597,0.05,0.4506491613174801
A2444,0.99,0.5154840441877452
A1111,0.14,0.4858509087206706
A1596,0.97,0.5624083947878721
A2443,0.69,0.5033278523771747
A1112,0.48,0.5069341686413482
A1595,0.75,0.4931030814727657
A2442,0.05,0.4970055236312055
A1117,0.83,0.4997844950319471
A2449,0.71,0.4998670610476967
A1118,0.41,0.4981345770880847
A2448,0.37,0.498285555439984
A1115,0.41,0.493935920363134
A2447,0.47,0.498562608606918
A1116,0.83,0.4789228000904643
A1599,0.07,0.5019483582489153
A2446,0.02,0.5000341291813626
A1120,0.8,0.4990102562041124
A2452,0.33,0.5186538440044353
A1121,0.84,0.6035013676013037
A2451,0.51,0.4966334412929333
A2450,0.56,0.5010779003275344
A1108,0.53,0.4924820959670175
A1109,0.5,0.5
A2439,0.52,0.50430948363991
A1102,0.97,0.5014963050746991
A1587,0.92,0.5281757496731811
A2434,0.74,0.4979295569445879
A1103,0.44,0.5013760995258999
A1586,0.27,0.4991659438462796
A2433,0.29,0.5004475746107199
A1100,0.61,0.4834176766828672
A1585,0.25,0.4902300877498758
A2432,0.99,0.508142240814398
A1101,0.8,0.5024880976477646
A1584,0.92,0.5049461086628517
A2431,0.11,0.4988828718629793
A1106,0.78,0.5055057506879989
A2438,0.64,0.4998006836152297
A1107,0.43,0.5357154411630316
A2437,0.84,0.5009028459632283
A1104,0.41,0.4994548787631726
A1589,0.43,0.5014125076702475
A2436,0.76,0.5216944327330743
A1105,0.87,0.4998681189448664
A1588,0.6,0.5019960206769719
A2435,0.99,0.5141397766115136
A1590,0.86,0.5005245400180913
A1594,0.96,0.5127329619845182
A2441,0.19,0.5047588079604267
A1110,0.46,0.5064167678704602
A1593,0.85,0.5227011821455871
A2440,0.3,0.5022414687688824
A1592,0.85,0.4999153701188055
A1591,0.4,0.4948218764087768
A1135,0.78,0.5000162109864565
A2467,0.85,0.5065725169075616
A1136,0.74,0.4961702308154135
A2466,0.91,0.5093243760662093
A1133,0.39,0.5000897785829528
A2465,0.71,0.5009479858073146
A1134,0.12,0.4859178492178965
A2464,0.54,0.5168838334495295
A1139,0.78,0.5111598701042822
A1137,0.3,0.5012118645688756
A2469,0.21,0.5029770028613447
A1138,0.48,0.5315973155974956
A2468,0.96,0.5149024841101499
A2470,0.44,0.4991415567626674
A1142,0.75,0.4923089180265935
A2474,0.64,0.4988767010214406
A1143,0.06,0.5019175227905119
A2473,0.41,0.5226200933200631
A1140,0.13,0.4968119614590082
A2472,0.05,0.4996915867219026
A1141,0.78,0.526208012502308
A2471,0.48,0.5143872657573865
A1124,0.86,0.5032819605066837
A2456,0.65,0.5080376425278209
A1125,0.81,0.5498825271426679
A2455,0.61,0.5015227004120648
A1122,0.16,0.5018140209969589
A2454,0.64,0.4791899690107799
A1123,0.38,0.4641870495987376
A2453,0.64,0.4975872649646543
A1128,0.53,0.502085222393361
A1129,0.57,0.5000968220443178
A2459,0.13,0.5038397579070344
A1126,0.99,0.5148140252053496
A2458,0.23,0.4923637960427023
A1127,0.87,0.5030715732605666
A2457,0.8,0.5497160746890897
A1131,0.56,0.5000081108749524
A2463,0.48,0.5000000223016559
A1132,0.73,0.5043050813482485
A2462,0.8,0.5240671044196172
A2461,0.88,0.5026579726577309
A1130,0.11,0.4437232029385354
A2460,0.1,0.4933294376280604
